rgn_id,year,w_fis
1,2005,1
1,2006,1
1,2007,1
1,2008,1
1,2009,1
1,2010,1
1,2011,1
1,2012,1
1,2013,1
1,2014,1
1,2015,1
1,2016,1
1,2017,1
1,2018,1
1,2019,1
2,2005,1
2,2006,1
2,2007,1
2,2008,1
2,2009,1
2,2010,1
2,2011,1
2,2012,1
2,2013,1
2,2014,1
2,2015,1
2,2016,1
2,2017,1
2,2018,1
2,2019,1
3,2005,1
3,2006,1
3,2007,1
3,2008,1
3,2009,1
3,2010,1
3,2011,1
3,2012,1
3,2013,1
3,2014,1
3,2015,1
3,2016,1
3,2017,1
3,2018,1
3,2019,1
4,2005,1
4,2006,1
4,2007,1
4,2008,1
4,2009,1
4,2010,1
4,2011,1
4,2012,1
4,2013,1
4,2014,1
4,2015,1
4,2016,1
4,2017,1
4,2018,1
4,2019,1
5,2005,0.805674884
5,2006,0.843845301
5,2007,0.842590355
5,2008,0.853832219
5,2009,0.889926441
5,2010,0.880103382
5,2011,0.873057262
5,2012,0.877872899
5,2013,0.873806892
5,2014,0.901665871
5,2015,0.873324201
5,2016,0.883844326
5,2017,0.881438389
5,2018,0.886730115
5,2019,0.869365982
6,2005,0.998841264
6,2006,0.999190436
6,2007,0.999096762
6,2008,1
6,2009,0.999106059
6,2010,0.999529135
6,2011,0.999240474
6,2012,0.999444528
6,2013,0.999336872
6,2014,0.999526687
6,2015,0.999349632
6,2016,0.999287774
6,2017,0.99964795
6,2018,0.999384209
6,2019,0.999927925
7,2005,0.999918957
7,2006,0.999945687
7,2007,0.999926091
7,2008,0.999810742
7,2009,0.99962299
7,2010,0.999696912
7,2011,0.999705022
7,2012,0.999063357
7,2013,0.999238624
7,2014,0.998980663
7,2015,0.999319333
7,2016,0.999735841
7,2017,0.999748111
7,2018,0.999613303
7,2019,0.997831058
8,2005,0.999360407
8,2006,0.998212499
8,2007,0.998387404
8,2008,0.997729772
8,2009,0.997520698
8,2010,0.994299058
8,2011,0.989305135
8,2012,0.996372156
8,2013,0.997035759
8,2014,0.99528813
8,2015,0.991566972
8,2016,0.995581686
8,2017,0.99870439
8,2018,0.998324645
8,2019,0.993127621
9,2005,1
9,2006,1
9,2007,1
9,2008,1
9,2009,1
9,2010,1
9,2011,1
9,2012,1
9,2013,1
9,2014,1
9,2015,1
9,2016,1
9,2017,1
9,2018,1
9,2019,1
10,2005,0.999986815
10,2006,1
10,2007,1
10,2008,1
10,2009,1
10,2010,1
10,2011,0.999988555
10,2012,0.999998188
10,2013,0.999997514
10,2014,0.999998019
10,2015,0.999995804
10,2016,0.999996913
10,2017,0.999992293
10,2018,0.99999765
10,2019,0.999579724
11,2005,1
11,2006,1
11,2007,1
11,2008,1
11,2009,1
11,2010,1
11,2011,1
11,2012,1
11,2013,0.999990788
11,2014,0.999998592
11,2015,0.999923212
11,2016,0.999957461
11,2017,0.999955064
11,2018,1
11,2019,0.998404652
12,2005,1
12,2006,1
12,2007,1
12,2008,1
12,2009,1
12,2010,1
12,2011,1
12,2012,1
12,2013,1
12,2014,1
12,2015,1
12,2016,1
12,2017,1
12,2018,1
12,2019,1
13,2005,0.907798334
13,2006,0.911192108
13,2007,0.897060595
13,2008,0.85132479
13,2009,0.858120946
13,2010,0.842875507
13,2011,0.836632977
13,2012,0.848522949
13,2013,0.880604588
13,2014,0.887434527
13,2015,0.825331166
13,2016,0.955034402
13,2017,0.986896779
13,2018,0.878559747
13,2019,0.861335261
14,2005,0.691935829
14,2006,0.682104202
14,2007,0.600074881
14,2008,0.582666945
14,2009,0.56462447
14,2010,0.500963339
14,2011,0.505706395
14,2012,0.79859361
14,2013,0.762217737
14,2014,0.811472096
14,2015,0.82616318
14,2016,0.791888027
14,2017,0.799889298
14,2018,0.792532453
14,2019,0.808764021
15,2005,0.806015906
15,2006,0.790147789
15,2007,0.798638594
15,2008,0.799233135
15,2009,0.797343401
15,2010,0.791956559
15,2011,0.764042973
15,2012,0.752969294
15,2013,0.757191281
15,2014,0.760718959
15,2015,0.751272531
15,2016,0.742325304
15,2017,0.735687702
15,2018,0.721101672
15,2019,0.71072886
16,2005,0.81755901
16,2006,0.787167737
16,2007,0.761757832
16,2008,0.728324121
16,2009,0.711300936
16,2010,0.70953969
16,2011,0.686638619
16,2012,0.678137007
16,2013,0.684830659
16,2014,0.641871974
16,2015,0.626233438
16,2016,0.639938051
16,2017,0.634691122
16,2018,0.642352875
16,2019,0.586112783
17,2005,0.999997929
17,2006,0.999998514
17,2007,0.999980708
17,2008,0.999983601
17,2009,0.999954469
17,2010,0.999983203
17,2011,0.999961324
17,2012,0.999939817
17,2013,0.999935826
17,2014,0.999885168
17,2015,0.99983997
17,2016,0.999905636
17,2017,0.999920044
17,2018,0.999907085
17,2019,0.998885461
18,2005,0.996252094
18,2006,0.998049383
18,2007,0.998048083
18,2008,0.998749315
18,2009,0.99878458
18,2010,0.998877496
18,2011,0.998942091
18,2012,0.999536512
18,2013,0.996821454
18,2014,0.998211445
18,2015,0.998448139
18,2016,0.998495524
18,2017,0.99906458
18,2018,0.99913602
18,2019,0.998739737
19,2005,0.999972562
19,2006,0.99996384
19,2007,1
19,2008,0.999959015
19,2009,0.999965891
19,2010,0.999959703
19,2011,0.999958276
19,2012,0.999971773
19,2013,0.999960079
19,2014,0.999978872
19,2015,0.999975551
19,2016,0.999982263
19,2017,0.999971131
19,2018,0.99997012
19,2019,0.998729239
20,2005,0.50491111
20,2006,0.489788446
20,2007,0.503634744
20,2008,0.532867131
20,2009,0.512943109
20,2010,0.468607843
20,2011,0.492846993
20,2012,0.46272524
20,2013,0.438782112
20,2014,0.449222648
20,2015,0.405670421
20,2016,0.34031878
20,2017,0.334177234
20,2018,0.327908512
20,2019,0.316626005
21,2005,0.349523627
21,2006,0.352499227
21,2007,0.341102787
21,2008,0.335760364
21,2009,0.30874813
21,2010,0.310419755
21,2011,0.320349051
21,2012,0.31684828
21,2013,0.293620916
21,2014,0.310565302
21,2015,0.280031748
21,2016,0.271671514
21,2017,0.255133888
21,2018,0.253855286
21,2019,0.253404082
24,2005,0.989746917
24,2006,0.992573262
24,2007,0.99059999
24,2008,0.982203311
24,2009,0.980426441
24,2010,0.975868469
24,2011,0.977322479
24,2012,0.975390285
24,2013,0.965155043
24,2014,0.975213987
24,2015,0.925192319
24,2016,0.921307972
24,2017,0.90756197
24,2018,0.907808578
24,2019,0.878134133
25,2005,0.527637852
25,2006,0.477466105
25,2007,0.444127941
25,2008,0.458012594
25,2009,0.444646034
25,2010,0.494757585
25,2011,0.477093675
25,2012,0.466353829
25,2013,0.554393388
25,2014,0.610378391
25,2015,0.57775339
25,2016,0.612857261
25,2017,0.61526279
25,2018,0.642165327
25,2019,0.668826618
25,2020,0.656522338
25,2021,0.644146908
26,2005,1
26,2006,1
26,2007,1
26,2008,1
26,2009,1
26,2010,1
26,2011,1
26,2012,1
26,2013,1
26,2014,1
26,2015,1
26,2016,1
26,2017,1
26,2018,1
26,2019,1
28,2005,1
28,2006,1
28,2007,1
28,2008,1
28,2009,1
28,2010,1
28,2011,1
28,2012,1
28,2013,1
28,2014,1
28,2015,1
28,2016,1
28,2017,1
28,2018,1
28,2019,1
29,2005,0.941557491
29,2006,0.958750226
29,2007,0.960806367
29,2008,0.96513507
29,2009,0.977773105
29,2010,0.986955923
29,2011,0.963251879
29,2012,0.961892345
29,2013,0.9598761
29,2014,0.977064367
29,2015,0.992253423
29,2016,0.994428718
29,2017,0.993158372
29,2018,0.99326854
29,2019,0.992432984
30,2005,1
30,2006,1
30,2007,1
30,2008,1
30,2009,1
30,2010,1
30,2011,1
30,2012,1
30,2013,1
30,2014,1
30,2015,1
30,2016,1
30,2017,1
30,2018,1
30,2019,1
31,2005,0.95434669
31,2006,0.977855272
31,2007,0.979972745
31,2008,1
31,2009,1
31,2010,1
31,2011,1
31,2012,1
31,2013,1
31,2014,1
31,2015,1
31,2016,1
31,2017,1
31,2018,1
31,2019,1
32,2005,0.974716002
32,2006,0.972723215
32,2007,0.963940871
32,2008,0.961746619
32,2009,1
32,2010,0.968839303
32,2011,0.97626091
32,2012,0.992581571
32,2013,0.995342643
32,2014,0.995603165
32,2015,0.991743693
32,2016,1
32,2017,1
32,2018,1
32,2019,1
33,2005,1
33,2006,1
33,2007,1
33,2008,1
33,2009,1
33,2010,1
33,2011,1
33,2012,1
33,2013,1
33,2014,1
33,2015,1
33,2016,1
33,2017,1
33,2018,1
33,2019,1
34,2005,1
34,2006,1
34,2007,1
34,2008,1
34,2009,1
34,2010,1
34,2011,1
34,2012,1
34,2013,1
34,2014,1
34,2015,1
34,2016,1
34,2017,1
34,2018,1
34,2019,1
35,2005,1
35,2006,1
35,2007,1
35,2008,1
35,2009,1
35,2010,1
35,2011,1
35,2012,1
35,2013,1
35,2014,1
35,2015,1
35,2016,1
35,2017,1
35,2018,1
35,2019,1
36,2005,1
36,2006,1
36,2007,1
36,2008,1
36,2009,1
36,2010,1
36,2011,1
36,2012,1
36,2013,1
36,2014,1
36,2015,1
36,2016,1
36,2017,1
36,2018,1
36,2019,1
37,2005,0.983679082
37,2006,0.994655703
37,2007,0.99245594
37,2008,0.986572177
37,2009,0.979816613
37,2010,0.982524677
37,2011,0.980256945
37,2012,0.979649337
37,2013,0.953122597
37,2014,0.959107287
37,2015,0.935301676
37,2016,0.932069409
37,2017,0.872983246
37,2018,0.836479662
37,2019,0.820092457
38,2005,1
38,2006,1
38,2007,1
38,2008,1
38,2009,1
38,2010,1
38,2011,1
38,2012,1
38,2013,1
38,2014,1
38,2015,1
38,2016,1
38,2017,1
38,2018,1
38,2019,1
39,2005,1
39,2006,1
39,2007,1
39,2008,1
39,2009,1
39,2010,1
39,2011,1
39,2012,1
39,2013,1
39,2014,1
39,2015,1
39,2016,1
39,2017,1
39,2018,1
39,2019,1
40,2005,0.975350656
40,2006,0.977679074
40,2007,0.986470539
40,2008,0.98001415
40,2009,0.980853601
40,2010,0.978984919
40,2011,0.983685385
40,2012,0.978217175
40,2013,0.973823133
40,2014,0.961706467
40,2015,0.969252771
40,2016,0.977304083
40,2017,0.95372032
40,2018,0.967956962
40,2019,0.972787566
41,2005,0.987053816
41,2006,0.991502469
41,2007,0.992679983
41,2008,0.995395898
41,2009,0.992188879
41,2010,0.994635091
41,2011,0.998853532
41,2012,0.998749986
41,2013,0.998641619
41,2014,1
41,2015,1
41,2016,1
41,2017,1
41,2018,1
41,2019,1
42,2005,0.930123532
42,2006,0.93322125
42,2007,0.937588542
42,2008,0.973619931
42,2009,0.970184389
42,2010,0.962080234
42,2011,0.964962379
42,2012,0.964349764
42,2013,0.976192335
42,2014,0.967779675
42,2015,0.96243571
42,2016,0.957258347
42,2017,0.964649024
42,2018,0.966440002
42,2019,0.959583956
43,2005,1
43,2006,1
43,2007,1
43,2008,1
43,2009,0.999733271
43,2010,0.998965289
43,2011,0.997774145
43,2012,0.997967228
43,2013,0.997877373
43,2014,0.998006772
43,2015,0.997251635
43,2016,0.997229425
43,2017,0.997392103
43,2018,0.997721949
43,2019,0.996753248
44,2005,1
44,2006,1
44,2007,1
44,2008,1
44,2009,1
44,2010,1
44,2011,1
44,2012,1
44,2013,1
44,2014,1
44,2015,1
44,2016,1
44,2017,1
44,2018,1
44,2019,1
45,2005,1
45,2006,1
45,2007,1
45,2008,1
45,2009,1
45,2010,1
45,2011,1
45,2012,1
45,2013,1
45,2014,1
45,2015,1
45,2016,1
45,2017,1
45,2018,1
45,2019,1
46,2005,1
46,2006,1
46,2007,1
46,2008,1
46,2009,1
46,2010,1
46,2011,1
46,2012,1
46,2013,1
46,2014,1
46,2015,1
46,2016,1
46,2017,1
46,2018,1
46,2019,1
47,2005,0.99874882
47,2006,0.998708931
47,2007,0.999175323
47,2008,0.998798653
47,2009,0.999036107
47,2010,0.999149263
47,2011,0.999525708
47,2012,1
47,2013,1
47,2014,1
47,2015,1
47,2016,1
47,2017,1
47,2018,1
47,2019,1
48,2005,0.999172086
48,2006,0.999248297
48,2007,0.999058745
48,2008,0.999078243
48,2009,0.999032047
48,2010,0.998868587
48,2011,0.998866883
48,2012,0.997846863
48,2013,0.99834131
48,2014,0.999056574
48,2015,0.999634508
48,2016,1
48,2017,0.998040811
48,2018,0.994623774
48,2019,0.993981245
49,2005,1
49,2006,1
49,2007,1
49,2008,1
49,2009,1
49,2010,1
49,2011,1
49,2012,1
49,2013,1
49,2014,1
49,2015,1
49,2016,1
49,2017,1
49,2018,1
49,2019,1
50,2005,0.890645091
50,2006,0.874880568
50,2007,0.837878092
50,2008,0.803161935
50,2009,0.80812888
50,2010,0.904283832
50,2011,0.908932456
50,2012,0.957903044
50,2013,0.818529099
50,2014,0.758824987
50,2015,0.704895014
50,2016,0.619661942
50,2017,0.536019473
50,2018,0.529184199
50,2019,0.492472248
51,2005,0.998179586
51,2006,0.99203613
51,2007,0.996948275
51,2008,0.998048171
51,2009,0.998319059
51,2010,0.998692581
51,2011,0.998089485
51,2012,0.999613731
51,2013,0.999652617
51,2014,0.9995955
51,2015,0.998743452
51,2016,0.997478135
51,2017,0.998193061
51,2018,0.999948094
51,2019,1
52,2005,0.999933608
52,2006,0.999968202
52,2007,0.999949375
52,2008,0.999934232
52,2009,0.99992439
52,2010,0.999882702
52,2011,0.999932754
52,2012,1
52,2013,0.999814734
52,2014,0.999813346
52,2015,0.999550881
52,2016,0.999828065
52,2017,0.999828065
52,2018,0.999828065
52,2019,0.999828065
53,2005,0.999851263
53,2006,0.999841396
53,2007,0.999830903
53,2008,0.999833777
53,2009,0.999831583
53,2010,0.999825782
53,2011,0.999820137
53,2012,0.999821657
53,2013,0.999818394
53,2014,0.999807495
53,2015,0.999804373
53,2016,0.999794158
53,2017,0.99979687
53,2018,0.999782342
53,2019,0.999766571
54,2005,0.990516943
54,2006,0.99077454
54,2007,0.97816088
54,2008,0.998261176
54,2009,0.997515361
54,2010,0.994066932
54,2011,0.994517832
54,2012,0.990477876
54,2013,0.990514562
54,2014,0.990728191
54,2015,0.963498226
54,2016,0.962627392
54,2017,0.962764213
54,2018,0.96026331
54,2019,0.969275641
55,2005,1
55,2006,1
55,2007,1
55,2008,1
55,2009,1
55,2010,1
55,2011,1
55,2012,1
55,2013,1
55,2014,1
55,2015,1
55,2016,1
55,2017,1
55,2018,1
55,2019,1
56,2005,1
56,2006,1
56,2007,1
56,2008,1
56,2009,1
56,2010,1
56,2011,1
56,2012,1
56,2013,1
56,2014,1
56,2015,1
56,2016,1
56,2017,1
56,2018,1
56,2019,1
57,2005,1
57,2006,1
57,2007,1
57,2008,1
57,2009,1
57,2010,1
57,2011,1
57,2012,1
57,2013,1
57,2014,1
57,2015,1
57,2016,1
57,2017,1
57,2018,1
57,2019,1
58,2005,1
58,2006,1
58,2007,1
58,2008,1
58,2009,1
58,2010,1
58,2011,1
58,2012,1
58,2013,1
58,2014,1
58,2015,1
58,2016,1
58,2017,1
58,2018,1
58,2019,1
59,2005,1
59,2006,1
59,2007,1
59,2008,1
59,2009,1
59,2010,1
59,2011,1
59,2012,1
59,2013,1
59,2014,1
59,2015,1
59,2016,1
59,2017,1
59,2018,1
59,2019,1
60,2005,1
60,2006,1
60,2007,1
60,2008,1
60,2009,1
60,2010,1
60,2011,1
60,2012,1
60,2013,1
60,2014,1
60,2015,1
60,2016,1
60,2017,1
60,2018,1
60,2019,1
61,2005,0.985462662
61,2006,0.979252967
61,2007,0.975684611
61,2008,0.964166428
61,2009,0.95757746
61,2010,0.9259713
61,2011,0.92708072
61,2012,0.910949444
61,2013,0.913532924
61,2014,0.891483714
61,2015,0.875327923
61,2016,0.845765612
61,2017,0.821703703
61,2018,0.792453439
61,2019,0.804446262
62,2005,0.999518175
62,2006,0.999198349
62,2007,0.99961539
62,2008,0.999499489
62,2009,0.999382128
62,2010,0.999464155
62,2011,0.999255841
62,2012,0.999140364
62,2013,0.999224369
62,2014,0.999196838
62,2015,0.998925678
62,2016,0.998968902
62,2017,0.998906389
62,2018,0.99857595
62,2019,0.99878124
63,2005,1
63,2006,1
63,2007,1
63,2008,1
63,2009,1
63,2010,1
63,2011,1
63,2012,1
63,2013,1
63,2014,1
63,2015,1
63,2016,1
63,2017,1
63,2018,1
63,2019,1
64,2005,1
64,2006,1
64,2007,1
64,2008,1
64,2009,1
64,2010,1
64,2011,1
64,2012,1
64,2013,1
64,2014,1
64,2015,1
64,2016,1
64,2017,1
64,2018,1
64,2019,1
65,2005,0.999745386
65,2006,0.999781509
65,2007,0.999823738
65,2008,0.999797764
65,2009,0.999795886
65,2010,0.999780829
65,2011,0.999723694
65,2012,0.999757615
65,2013,0.999756533
65,2014,0.999776937
65,2015,0.999736776
65,2016,0.999753179
65,2017,0.99971893
65,2018,0.999738927
65,2019,0.999744188
66,2005,0.999959792
66,2006,0.999946807
66,2007,0.999972652
66,2008,0.999956699
66,2009,0.999931738
66,2010,0.999689029
66,2011,0.999490075
66,2012,0.999433422
66,2013,0.999142568
66,2014,0.998305459
66,2015,0.995384994
66,2016,0.99817335
66,2017,0.998454028
66,2018,0.997920792
66,2019,0.998446582
67,2005,0.993557127
67,2006,0.992257732
67,2007,0.995908106
67,2008,0.996660295
67,2009,0.997963598
67,2010,1
67,2011,1
67,2012,1
67,2013,1
67,2014,1
67,2015,1
67,2016,1
67,2017,1
67,2018,1
67,2019,1
68,2005,0.389753943
68,2006,0.320386298
68,2007,0.361286474
68,2008,0.350925533
68,2009,0.417528992
68,2010,0.565707325
68,2011,0.335037118
68,2012,0.27203435
68,2013,0.425734662
68,2014,0.300741125
68,2015,0.303227977
68,2016,0.309956462
68,2017,0.236300199
68,2018,0.514668186
68,2019,0.257269753
69,2005,1
69,2006,1
69,2007,1
69,2008,1
69,2009,1
69,2010,1
69,2011,1
69,2012,1
69,2013,1
69,2014,1
69,2015,1
69,2016,1
69,2017,1
69,2018,1
69,2019,1
70,2005,1
70,2006,1
70,2007,1
70,2008,1
70,2009,1
70,2010,1
70,2011,1
70,2012,1
70,2013,1
70,2014,1
70,2015,1
70,2016,1
70,2017,1
70,2018,0.980524525
70,2019,0.988479238
71,2005,0.984825154
71,2006,0.985095716
71,2007,0.974723678
71,2008,0.9557924
71,2009,0.949862168
71,2010,0.940829205
71,2011,0.891357126
71,2012,0.828530493
71,2013,0.799347203
71,2014,0.75042328
71,2015,0.754468788
71,2016,0.787776404
71,2017,0.832304098
71,2018,0.809964197
71,2019,0.861321548
72,2005,1
72,2006,1
72,2007,1
72,2008,1
72,2009,1
72,2010,0.998301527
72,2011,0.99073308
72,2012,0.987795714
72,2013,0.989844015
72,2014,0.987012324
72,2015,0.995295141
72,2016,1
72,2017,1
72,2018,1
72,2019,1
73,2005,0.999666769
73,2006,0.999893296
73,2007,0.999919326
73,2008,0.999103196
73,2009,0.998623833
73,2010,0.997776519
73,2011,0.997674883
73,2012,0.994477623
73,2013,0.994658066
73,2014,0.996629822
73,2015,0.995620074
73,2016,0.99524454
73,2017,0.993205256
73,2018,0.988210461
73,2019,0.981549219
74,2005,1
74,2006,1
74,2007,1
74,2008,1
74,2009,1
74,2010,1
74,2011,1
74,2012,1
74,2013,1
74,2014,1
74,2015,0.997844479
74,2016,0.997533057
74,2017,0.997089865
74,2018,0.997017793
74,2019,0.997014926
75,2005,0.989442671
75,2006,0.986200531
75,2007,0.988622517
75,2008,0.98427408
75,2009,0.993483564
75,2010,0.986456591
75,2011,0.980869274
75,2012,0.96942227
75,2013,0.973207381
75,2014,0.961723154
75,2015,1
75,2016,1
75,2017,1
75,2018,1
75,2019,1
76,2005,0.863792033
76,2006,0.832933205
76,2007,0.802057603
76,2008,0.781543661
76,2009,0.766140833
76,2010,0.771188585
76,2011,0.74620469
76,2012,0.779158703
76,2013,0.682467109
76,2014,0.643987639
76,2015,0.638824852
76,2016,0.626446661
76,2017,0.548271897
76,2018,0.529140439
76,2019,0.481936736
77,2005,1
77,2006,1
77,2007,1
77,2008,1
77,2009,1
77,2010,1
77,2011,1
77,2012,1
77,2013,1
77,2014,1
77,2015,1
77,2016,1
77,2017,1
77,2018,1
77,2019,1
78,2005,0.998748928
78,2006,0.997674797
78,2007,0.996607735
78,2008,0.99570148
78,2009,0.995712437
78,2010,0.995496242
78,2011,0.995689352
78,2012,0.995282892
78,2013,0.998050681
78,2014,0.997931707
78,2015,0.998264402
78,2016,0.998024238
78,2017,0.997170356
78,2018,0.995926589
78,2019,0.996429213
79,2005,0.570296202
79,2006,0.551862384
79,2007,0.584528612
79,2008,0.669818863
79,2009,0.663580926
79,2010,0.554378806
79,2011,0.50395161
79,2012,0.466338628
79,2013,0.421824298
79,2014,0.484612529
79,2015,0.479453873
79,2016,0.385444671
79,2017,0.411102357
79,2018,0.336028684
79,2019,0.335465593
80,2005,0.50357956
80,2006,0.503432299
80,2007,0.486615767
80,2008,0.440951095
80,2009,0.437789997
80,2010,0.451730927
80,2011,0.41217988
80,2012,0.390613207
80,2013,0.362675785
80,2014,0.385489993
80,2015,0.35564041
80,2016,0.317345306
80,2017,0.301868654
80,2018,0.31069745
80,2019,0.314607662
81,2005,0.432200314
81,2006,0.487912072
81,2007,0.496029945
81,2008,0.446072733
81,2009,0.347806576
81,2010,0.319584357
81,2011,0.333174469
81,2012,0.30791698
81,2013,0.530095363
81,2014,0.779363129
81,2015,0.537701627
81,2016,0.846283118
81,2017,0.635799128
81,2018,0.812251812
81,2019,0.449358273
82,2005,0.633920367
82,2006,0.672051578
82,2007,0.678618591
82,2008,0.705996143
82,2009,0.645512393
82,2010,0.658672546
82,2011,0.468621934
82,2012,0.657117117
82,2013,0.645994258
82,2014,0.654820109
82,2015,0.540788499
82,2016,0.558951046
82,2017,0.528223922
82,2018,0.539262272
82,2019,0.401946118
84,2005,0.999702498
84,2006,0.999416065
84,2007,0.999376375
84,2008,0.999286233
84,2009,0.998913717
84,2010,0.998239518
84,2011,0.996819952
84,2012,0.996971623
84,2013,0.992149294
84,2014,0.996748706
84,2015,0.996541966
84,2016,0.983716464
84,2017,0.981949427
84,2018,0.98041602
84,2019,0.969182945
85,2005,1
85,2006,1
85,2007,1
85,2008,1
85,2009,1
85,2010,1
85,2011,1
85,2012,1
85,2013,1
85,2014,1
85,2015,1
85,2016,1
85,2017,1
85,2018,1
85,2019,1
86,2005,1
86,2006,1
86,2007,1
86,2008,1
86,2009,1
86,2010,1
86,2011,1
86,2012,1
86,2013,1
86,2014,1
86,2015,1
86,2016,1
86,2017,1
86,2018,1
86,2019,1
88,2005,1
88,2006,1
88,2007,1
88,2008,1
88,2009,1
88,2010,1
88,2011,1
88,2012,1
88,2013,1
88,2014,1
88,2015,1
88,2016,1
88,2017,1
88,2018,1
88,2019,1
89,2005,1
89,2006,1
89,2007,1
89,2008,1
89,2009,1
89,2010,1
89,2011,1
89,2012,1
89,2013,1
89,2014,1
89,2015,1
89,2016,1
89,2017,1
89,2018,1
89,2019,1
90,2005,1
90,2006,1
90,2007,1
90,2008,1
90,2009,1
90,2010,1
90,2011,1
90,2012,1
90,2013,1
90,2014,1
90,2015,1
90,2016,1
90,2017,1
90,2018,1
90,2019,1
91,2005,1
91,2006,1
91,2007,1
91,2008,1
91,2009,1
91,2010,1
91,2011,1
91,2012,1
91,2013,1
91,2014,1
91,2015,1
91,2016,1
91,2017,1
91,2018,1
91,2019,1
92,2005,1
92,2006,1
92,2007,1
92,2008,1
92,2009,1
92,2010,1
92,2011,1
92,2012,1
92,2013,1
92,2014,1
92,2015,1
92,2016,1
92,2017,1
92,2018,1
92,2019,1
93,2005,1
93,2006,1
93,2007,1
93,2008,1
93,2009,1
93,2010,1
93,2011,1
93,2012,1
93,2013,1
93,2014,1
93,2015,1
93,2016,1
93,2017,1
93,2018,1
93,2019,1
94,2005,1
94,2006,1
94,2007,1
94,2008,1
94,2009,1
94,2010,1
94,2011,1
94,2012,1
94,2013,1
94,2014,1
94,2015,1
94,2016,1
94,2017,1
94,2018,1
94,2019,1
95,2005,0.99999152
95,2006,0.9999958
95,2007,1
95,2008,1
95,2009,1
95,2010,1
95,2011,1
95,2012,1
95,2013,1
95,2014,1
95,2015,1
95,2016,1
95,2017,1
95,2018,1
95,2019,1
96,2005,1
96,2006,1
96,2007,1
96,2008,1
96,2009,1
96,2010,1
96,2011,1
96,2012,1
96,2013,1
96,2014,1
96,2015,1
96,2016,1
96,2017,1
96,2018,1
96,2019,1
97,2005,1
97,2006,1
97,2007,1
97,2008,1
97,2009,1
97,2010,1
97,2011,1
97,2012,1
97,2013,1
97,2014,1
97,2015,1
97,2016,1
97,2017,1
97,2018,1
97,2019,1
98,2005,1
98,2006,1
98,2007,1
98,2008,1
98,2009,1
98,2010,1
98,2011,1
98,2012,1
98,2013,1
98,2014,1
98,2015,1
98,2016,1
98,2017,1
98,2018,1
98,2019,1
99,2005,1
99,2006,1
99,2007,1
99,2008,1
99,2009,1
99,2010,1
99,2011,1
99,2012,1
99,2013,1
99,2014,1
99,2015,1
99,2016,1
99,2017,1
99,2018,1
99,2019,1
100,2005,1
100,2006,1
100,2007,1
100,2008,1
100,2009,1
100,2010,1
100,2011,1
100,2012,1
100,2013,1
100,2014,1
100,2015,1
100,2016,1
100,2017,1
100,2018,1
100,2019,1
101,2005,0.999204456
101,2006,0.998704886
101,2007,0.997851527
101,2008,0.997176196
101,2009,0.997287573
101,2010,0.998161452
101,2011,0.998163898
101,2012,0.998140044
101,2013,0.998642632
101,2014,0.998313389
101,2015,0.998646417
101,2016,0.998789457
101,2017,0.999055186
101,2018,0.99890312
101,2019,0.999065398
102,2005,0.994374065
102,2006,0.992360509
102,2007,0.99432716
102,2008,0.994591868
102,2009,0.992464188
102,2010,0.993439869
102,2011,0.990803007
102,2012,0.992758082
102,2013,0.985628274
102,2014,0.991304641
102,2015,0.989637311
102,2016,0.991500221
102,2017,0.988660993
102,2018,0.987152743
102,2019,0.988665007
103,2005,1
103,2006,1
103,2007,1
103,2008,1
103,2009,1
103,2010,1
103,2011,1
103,2012,1
103,2013,1
103,2014,1
103,2015,1
103,2016,1
103,2017,1
103,2018,1
103,2019,1
104,2005,1
104,2006,1
104,2007,1
104,2008,1
104,2009,1
104,2010,1
104,2011,1
104,2012,1
104,2013,1
104,2014,1
104,2015,1
104,2016,1
104,2017,1
104,2018,1
104,2019,1
105,2005,1
105,2006,1
105,2007,1
105,2008,1
105,2009,1
105,2010,1
105,2011,1
105,2012,1
105,2013,1
105,2014,1
105,2015,1
105,2016,1
105,2017,1
105,2018,1
105,2019,1
106,2005,1
106,2006,1
106,2007,1
106,2008,1
106,2009,1
106,2010,1
106,2011,1
106,2012,1
106,2013,0.999958874
106,2014,0.999956615
106,2015,0.999955274
106,2016,0.999957151
106,2017,0.999945162
106,2018,0.999941959
106,2019,0.999944694
107,2005,1
107,2006,1
107,2007,1
107,2008,1
107,2009,1
107,2010,1
107,2011,1
107,2012,1
107,2013,1
107,2014,1
107,2015,1
107,2016,1
107,2017,1
107,2018,1
107,2019,1
108,2005,1
108,2006,1
108,2007,1
108,2008,1
108,2009,1
108,2010,1
108,2011,1
108,2012,1
108,2013,1
108,2014,1
108,2015,1
108,2016,1
108,2017,1
108,2018,1
108,2019,1
110,2005,0.9989723
110,2006,0.999009566
110,2007,0.999020935
110,2008,0.999314688
110,2009,1
110,2010,1
110,2011,1
110,2012,1
110,2013,0.99962276
110,2014,0.999605143
110,2015,0.999606015
110,2016,0.99974863
110,2017,0.999658408
110,2018,0.999741653
110,2019,0.999731544
111,2005,0.99957844
111,2006,1
111,2007,1
111,2008,0.999978071
111,2009,0.999950392
111,2010,0.999953571
111,2011,0.999951887
111,2012,0.999946091
111,2013,0.999944464
111,2014,0.999941119
111,2015,0.999942197
111,2016,0.999945304
111,2017,0.999935457
111,2018,1
111,2019,1
112,2005,0.842905086
112,2006,0.855290377
112,2007,0.861293435
112,2008,0.850969961
112,2009,0.850219096
112,2010,0.852843452
112,2011,0.838854569
112,2012,0.798773722
112,2013,0.80926229
112,2014,0.795815441
112,2015,0.808702824
112,2016,0.786137818
112,2017,0.748689448
112,2018,0.749807476
112,2019,0.776051663
113,2005,1
113,2006,1
113,2007,1
113,2008,1
113,2009,1
113,2010,1
113,2011,1
113,2012,1
113,2013,1
113,2014,1
113,2015,1
113,2016,1
113,2017,1
113,2018,1
113,2019,1
114,2005,1
114,2006,1
114,2007,1
114,2008,1
114,2009,1
114,2010,1
114,2011,1
114,2012,1
114,2013,1
114,2014,1
114,2015,1
114,2016,1
114,2017,1
114,2018,1
114,2019,1
115,2005,0.982681633
115,2006,0.980835151
115,2007,0.980916948
115,2008,0.978017996
115,2009,0.977121308
115,2010,0.983921065
115,2011,0.991993864
115,2012,0.987208732
115,2013,0.982922846
115,2014,0.983128129
115,2015,0.990761128
115,2016,0.98856911
115,2017,0.987005876
115,2018,0.986477085
115,2019,0.986335606
116,2005,0.930023255
116,2006,0.991451765
116,2007,0.989086773
116,2008,0.991131679
116,2009,1
116,2010,1
116,2011,1
116,2012,1
116,2013,1
116,2014,1
116,2015,1
116,2016,1
116,2017,1
116,2018,1
116,2019,1
117,2005,1
117,2006,1
117,2007,1
117,2008,1
117,2009,1
117,2010,1
117,2011,1
117,2012,1
117,2013,1
117,2014,0.999852498
117,2015,0.999852114
117,2016,0.999703004
117,2017,0.999702992
117,2018,0.99970298
117,2019,0.999702967
118,2005,1
118,2006,1
118,2007,1
118,2008,1
118,2009,1
118,2010,1
118,2011,1
118,2012,1
118,2013,1
118,2014,1
118,2015,1
118,2016,1
118,2017,1
118,2018,1
118,2019,1
119,2005,1
119,2006,1
119,2007,1
119,2008,1
119,2009,1
119,2010,1
119,2011,1
119,2012,1
119,2013,1
119,2014,1
119,2015,1
119,2016,1
119,2017,1
119,2018,1
119,2019,1
120,2005,0.999663071
120,2006,0.999658135
120,2007,0.99946006
120,2008,0.999547964
120,2009,0.99935021
120,2010,0.99937054
120,2011,0.999481926
120,2012,0.999764658
120,2013,0.999706711
120,2014,0.999447567
120,2015,0.999437387
120,2016,0.99943815
120,2017,0.999438691
120,2018,0.999439116
120,2019,0.999439548
121,2005,1
121,2006,1
121,2007,1
121,2008,1
121,2009,1
121,2010,1
121,2011,1
121,2012,1
121,2013,1
121,2014,1
121,2015,1
121,2016,1
121,2017,1
121,2018,1
121,2019,1
122,2005,0.999444533
122,2006,0.999481185
122,2007,0.999811162
122,2008,0.999651423
122,2009,0.999503063
122,2010,0.999619068
122,2011,0.999381394
122,2012,0.999056301
122,2013,0.999047641
122,2014,0.999836593
122,2015,0.99964731
122,2016,0.999074173
122,2017,0.996862825
122,2018,0.993668458
122,2019,0.993780143
123,2005,1
123,2006,1
123,2007,1
123,2008,1
123,2009,1
123,2010,1
123,2011,1
123,2012,1
123,2013,1
123,2014,1
123,2015,1
123,2016,1
123,2017,1
123,2018,1
123,2019,1
124,2005,1
124,2006,1
124,2007,1
124,2008,1
124,2009,1
124,2010,1
124,2011,1
124,2012,1
124,2013,1
124,2014,1
124,2015,1
124,2016,1
124,2017,1
124,2018,1
124,2019,1
125,2005,1
125,2006,1
125,2007,1
125,2008,1
125,2009,1
125,2010,1
125,2011,1
125,2012,1
125,2013,1
125,2014,0.999942777
125,2015,0.999402189
125,2016,0.999577382
125,2017,0.999459013
125,2018,0.999423782
125,2019,0.999339747
126,2005,1
126,2006,1
126,2007,1
126,2008,1
126,2009,1
126,2010,1
126,2011,1
126,2012,1
126,2013,1
126,2014,1
126,2015,1
126,2016,1
126,2017,1
126,2018,1
126,2019,1
127,2005,1
127,2006,1
127,2007,1
127,2008,1
127,2009,1
127,2010,1
127,2011,1
127,2012,0.999970811
127,2013,0.999912407
127,2014,0.999908978
127,2015,0.999908709
127,2016,0.999929043
127,2017,1
127,2018,1
127,2019,1
129,2005,0.89427456
129,2006,0.873738474
129,2007,0.882573256
129,2008,0.912772965
129,2009,0.92860441
129,2010,0.884729546
129,2011,0.824593011
129,2012,0.807203307
129,2013,0.831944276
129,2014,0.728569752
129,2015,0.664442208
129,2016,0.668052854
129,2017,0.673849112
129,2018,0.788131149
129,2019,0.931313227
130,2005,0.910101308
130,2006,0.906766319
130,2007,0.892485373
130,2008,0.930505004
130,2009,0.940805802
130,2010,0.933174269
130,2011,0.920963056
130,2012,0.927137988
130,2013,0.939960407
130,2014,0.900932513
130,2015,0.898159631
130,2016,0.903844529
130,2017,0.877002411
130,2018,0.890184893
130,2019,0.886350859
131,2005,0.721529138
131,2006,0.686440535
131,2007,0.637923785
131,2008,0.627798915
131,2009,0.663156155
131,2010,0.679807099
131,2011,0.551275752
131,2012,0.510893498
131,2013,0.539731029
131,2014,0.667968974
131,2015,0.662845596
131,2016,0.645103166
131,2017,0.62325528
131,2018,0.623910681
131,2019,0.637937419
132,2005,0.702686095
132,2006,0.666933689
132,2007,0.743491904
132,2008,0.735433152
132,2009,0.821023916
132,2010,0.813318761
132,2011,0.791946297
132,2012,0.836459578
132,2013,0.918328228
132,2014,0.957335682
132,2015,0.945168771
132,2016,0.887087958
132,2017,0.892820432
132,2018,0.833458833
132,2019,0.921856813
133,2005,0.425487935
133,2006,0.469508642
133,2007,0.432593909
133,2008,0.579210975
133,2009,0.605989191
133,2010,0.410432273
133,2011,0.394757233
133,2012,0.429342861
133,2013,0.416487493
133,2014,0.547198047
133,2015,0.5710774
133,2016,0.43597077
133,2017,0.413526216
133,2018,0.394413135
133,2019,0.418641618
134,2005,0.991625374
134,2006,0.995415311
134,2007,0.994544927
134,2008,0.989906106
134,2009,0.989354516
134,2010,0.966838759
134,2011,0.936635875
134,2012,0.954541795
134,2013,0.95072472
134,2014,0.933525896
134,2015,0.938454527
134,2016,0.930414589
134,2017,0.932878521
134,2018,0.920615797
134,2019,0.931694439
135,2005,0.903543901
135,2006,0.908944488
135,2007,0.893199841
135,2008,0.893978379
135,2009,0.902954286
135,2010,0.902269623
135,2011,0.914180981
135,2012,0.93993699
135,2013,0.914028437
135,2014,0.899663325
135,2015,0.902259322
135,2016,0.891611386
135,2017,0.89510796
135,2018,0.897282356
135,2019,0.883482352
136,2005,0.747767307
136,2006,0.703793637
136,2007,0.698365114
136,2008,0.698952065
136,2009,0.532254514
136,2010,0.720616683
136,2011,0.750288023
136,2012,0.702530482
136,2013,0.704100978
136,2014,0.664961347
136,2015,0.651984986
136,2016,0.630116254
136,2017,0.622480458
136,2018,0.596987952
136,2019,0.592910658
137,2005,0.690883612
137,2006,0.637120922
137,2007,0.646500337
137,2008,0.692798844
137,2009,0.601306353
137,2010,0.487642696
137,2011,0.533046314
137,2012,0.510616511
137,2013,0.517393691
137,2014,0.574695708
137,2015,0.464592128
137,2016,0.409803133
137,2017,0.339322023
137,2018,0.297902119
137,2019,0.234145451
138,2005,0.990173432
138,2006,0.985012763
138,2007,0.985841809
138,2008,0.98621544
138,2009,0.965620823
138,2010,0.956199502
138,2011,0.980652535
138,2012,0.957712006
138,2013,0.961008947
138,2014,0.978120045
138,2015,0.978696071
138,2016,0.976705758
138,2017,0.956815404
138,2018,0.946911621
138,2019,0.959773179
139,2005,0.935692672
139,2006,0.935090191
139,2007,0.9382053
139,2008,0.951997057
139,2009,0.945288644
139,2010,0.887264615
139,2011,0.884415126
139,2012,0.878950443
139,2013,0.856182945
139,2014,0.902774369
139,2015,0.883575733
139,2016,0.88624052
139,2017,0.897136297
139,2018,0.85333996
139,2019,0.802671917
140,2005,0.993367631
140,2006,0.995069592
140,2007,0.993698447
140,2008,0.994712052
140,2009,0.993793927
140,2010,0.996323743
140,2011,0.996486769
140,2012,0.994543849
140,2013,0.990042466
140,2014,0.992428074
140,2015,0.986648011
140,2016,0.991265856
140,2017,0.990856022
140,2018,0.99172831
140,2019,0.989013552
141,2005,0.941337982
141,2006,0.910771443
141,2007,0.848182578
141,2008,0.804983467
141,2009,0.831994349
141,2010,0.849070597
141,2011,0.843695219
141,2012,0.758344464
141,2013,0.770245333
141,2014,0.759620108
141,2015,0.751931135
141,2016,0.743183779
141,2017,0.798117678
141,2018,0.684913444
141,2019,0.699127953
143,2005,0.990028465
143,2006,0.994360499
143,2007,0.994351551
143,2008,0.994461433
143,2009,0.994542327
143,2010,0.993733069
143,2011,0.990573871
143,2012,0.992656249
143,2013,0.991018895
143,2014,0.990382312
143,2015,0.984295698
143,2016,0.980360601
143,2017,0.975513358
143,2018,0.953221605
143,2019,0.948134276
144,2005,1
144,2006,1
144,2007,1
144,2008,1
144,2009,1
144,2010,1
144,2011,1
144,2012,1
144,2013,1
144,2014,1
144,2015,1
144,2016,1
144,2017,1
144,2018,1
144,2019,1
145,2005,1
145,2006,1
145,2007,1
145,2008,1
145,2009,1
145,2010,1
145,2011,1
145,2012,1
145,2013,1
145,2014,1
145,2015,1
145,2016,1
145,2017,1
145,2018,1
145,2019,1
146,2005,1
146,2006,1
146,2007,1
146,2008,1
146,2009,1
146,2010,1
146,2011,1
146,2012,1
146,2013,1
146,2014,1
146,2015,1
146,2016,1
146,2017,1
146,2018,1
146,2019,1
147,2005,0.838765326
147,2006,0.858663846
147,2007,0.88891261
147,2008,0.876275019
147,2009,0.869879813
147,2010,0.850811487
147,2011,0.861391569
147,2012,0.869792672
147,2013,0.900224808
147,2014,0.927202665
147,2015,0.940594687
147,2016,0.956346633
147,2017,0.941435572
147,2018,0.935731575
147,2019,0.923026425
148,2005,1
148,2006,1
148,2007,1
148,2008,1
148,2009,1
148,2010,1
148,2011,1
148,2012,1
148,2013,1
148,2014,1
148,2015,1
148,2016,1
148,2017,1
148,2018,1
148,2019,1
149,2005,1
149,2006,1
149,2007,1
149,2008,1
149,2009,1
149,2010,1
149,2011,1
149,2012,1
149,2013,1
149,2014,1
149,2015,1
149,2016,1
149,2017,1
149,2018,1
149,2019,1
150,2005,1
150,2006,1
150,2007,1
150,2008,1
150,2009,1
150,2010,1
150,2011,1
150,2012,1
150,2013,1
150,2014,1
150,2015,1
150,2016,1
150,2017,1
150,2018,1
150,2019,1
151,2005,1
151,2006,1
151,2007,1
151,2008,1
151,2009,1
151,2010,1
151,2011,1
151,2012,1
151,2013,1
151,2014,1
151,2015,1
151,2016,1
151,2017,1
151,2018,1
151,2019,1
152,2005,1
152,2006,1
152,2007,1
152,2008,1
152,2009,1
152,2010,1
152,2011,1
152,2012,1
152,2013,1
152,2014,1
152,2015,1
152,2016,1
152,2017,1
152,2018,1
152,2019,1
153,2005,1
153,2006,1
153,2007,1
153,2008,1
153,2009,1
153,2010,1
153,2011,0.99992859
153,2012,0.999929835
153,2013,0.999914096
153,2014,0.999836111
153,2015,0.999895383
153,2016,0.999723444
153,2017,0.999793392
153,2018,0.999822148
153,2019,0.998152843
154,2005,1
154,2006,1
154,2007,1
154,2008,1
154,2009,1
154,2010,1
154,2011,1
154,2012,1
154,2013,1
154,2014,1
154,2015,1
154,2016,1
154,2017,1
154,2018,1
154,2019,1
155,2005,0.99931583
155,2006,0.999320595
155,2007,0.970998399
155,2008,0.975453518
155,2009,0.976390258
155,2010,0.979176865
155,2011,0.982673206
155,2012,0.993134095
155,2013,0.995290642
155,2014,0.994964094
155,2015,0.998382061
155,2016,0.993349607
155,2017,0.992839212
155,2018,0.992915931
155,2019,0.989566808
156,2005,1
156,2006,1
156,2007,1
156,2008,1
156,2009,1
156,2010,1
156,2011,1
156,2012,1
156,2013,1
156,2014,1
156,2015,1
156,2016,1
156,2017,1
156,2018,1
156,2019,1
157,2005,1
157,2006,1
157,2007,1
157,2008,1
157,2009,1
157,2010,1
157,2011,1
157,2012,1
157,2013,1
157,2014,1
157,2015,1
157,2016,1
157,2017,1
157,2018,1
157,2019,1
158,2005,1
158,2006,1
158,2007,1
158,2008,1
158,2009,1
158,2010,1
158,2011,1
158,2012,1
158,2013,1
158,2014,1
158,2015,1
158,2016,1
158,2017,1
158,2018,1
158,2019,1
159,2005,1
159,2006,1
159,2007,1
159,2008,1
159,2009,1
159,2010,1
159,2011,1
159,2012,1
159,2013,1
159,2014,1
159,2015,1
159,2016,1
159,2017,1
159,2018,1
159,2019,1
161,2005,1
161,2006,1
161,2007,1
161,2008,1
161,2009,1
161,2010,1
161,2011,1
161,2012,1
161,2013,1
161,2014,1
161,2015,1
161,2016,1
161,2017,1
161,2018,1
161,2019,1
162,2005,0.851826277
162,2006,0.831101093
162,2007,0.835613338
162,2008,0.834761403
162,2009,0.821790159
162,2010,0.813017247
162,2011,0.832352439
162,2012,0.839709117
162,2013,0.815619218
162,2014,0.843669074
162,2015,0.815885142
162,2016,0.784639178
162,2017,0.800406804
162,2018,0.762425012
162,2019,0.770754638
163,2005,0.960431806
163,2006,0.9619837
163,2007,0.962434552
163,2008,0.955517324
163,2009,0.950324594
163,2010,0.960831695
163,2011,0.958052695
163,2012,0.959686671
163,2013,0.961280245
163,2014,0.959342983
163,2015,0.960633786
163,2016,0.959023783
163,2017,0.950036332
163,2018,0.938738292
163,2019,0.946667048
164,2005,0.450431214
164,2006,0.688095843
164,2007,0.681073548
164,2008,0.577934498
164,2009,0.4787623
164,2010,0.563068919
164,2011,0.576343618
164,2012,0.538964777
164,2013,0.543248412
164,2014,0.612488585
164,2015,0.851308477
164,2016,0.928068133
164,2017,0.929595341
164,2018,0.932130792
164,2019,0.933882032
166,2005,0.987273243
166,2006,0.999438758
166,2007,0.995630796
166,2008,0.995892207
166,2009,0.995856149
166,2010,0.998740307
166,2011,0.998257251
166,2012,0.99858459
166,2013,1
166,2014,1
166,2015,1
166,2016,1
166,2017,1
166,2018,1
166,2019,0.999963751
167,2005,0.997381548
167,2006,0.997410396
167,2007,0.99857361
167,2008,0.99650831
167,2009,0.997323606
167,2010,0.998563179
167,2011,0.999415398
167,2012,0.999516603
167,2013,0.995838126
167,2014,0.997182672
167,2015,0.998343674
167,2016,0.995087365
167,2017,0.996417135
167,2018,0.996000013
167,2019,0.997644682
168,2005,0.996364564
168,2006,0.997595777
168,2007,0.998888732
168,2008,0.999292345
168,2009,0.998561656
168,2010,0.998540445
168,2011,0.998660752
168,2012,0.998562665
168,2013,0.998626961
168,2014,0.998676201
168,2015,0.999498235
168,2016,0.999672356
168,2017,0.999848708
168,2018,0.999821208
168,2019,0.999782009
169,2005,1
169,2006,1
169,2007,1
169,2008,1
169,2009,1
169,2010,1
169,2011,1
169,2012,1
169,2013,1
169,2014,1
169,2015,1
169,2016,1
169,2017,1
169,2018,1
169,2019,1
171,2005,0.851419892
171,2006,0.857662042
171,2007,0.850762963
171,2008,0.854113279
171,2009,0.844125121
171,2010,0.836942572
171,2011,0.831026514
171,2012,0.858199363
171,2013,0.842905823
171,2014,0.846077967
171,2015,0.861225578
171,2016,0.876485839
171,2017,0.882798029
171,2018,0.862066743
171,2019,0.851100862
172,2005,0.999890691
172,2006,0.999909323
172,2007,0.999900222
172,2008,0.999895942
172,2009,0.999889796
172,2010,0.999766694
172,2011,0.999917828
172,2012,0.999968793
172,2013,0.999991399
172,2014,0.999973686
172,2015,0.999971936
172,2016,0.999981383
172,2017,0.999989006
172,2018,0.999974557
172,2019,0.999992887
173,2005,1
173,2006,1
173,2007,1
173,2008,1
173,2009,1
173,2010,1
173,2011,1
173,2012,1
173,2013,1
173,2014,1
173,2015,1
173,2016,1
173,2017,1
173,2018,1
173,2019,1
174,2005,0.590851059
174,2006,0.632712245
174,2007,0.629827398
174,2008,0.637939679
174,2009,0.670447314
174,2010,0.677046743
174,2011,0.612729339
174,2012,0.598223594
174,2013,0.622249902
174,2014,0.606481948
174,2015,0.617702438
174,2016,0.637727818
174,2017,0.64180103
174,2018,0.617816127
174,2019,0.622171969
175,2005,0.943513636
175,2006,0.948234258
175,2007,0.916844124
175,2008,0.912263722
175,2009,0.921773341
175,2010,0.922779751
175,2011,0.928554152
175,2012,0.872594129
175,2013,0.918081034
175,2014,0.903157891
175,2015,0.915197731
175,2016,0.883064212
175,2017,0.936724394
175,2018,0.891788903
175,2019,0.944828041
176,2005,0.962420648
176,2006,0.911599169
176,2007,0.92910977
176,2008,0.964630345
176,2009,0.956993124
176,2010,0.835060772
176,2011,0.944258451
176,2012,0.93683344
176,2013,0.947757876
176,2014,0.888636446
176,2015,0.797265096
176,2016,0.77515566
176,2017,0.88639342
176,2018,0.773278819
176,2019,0.813545137
177,2005,0.692560633
177,2006,0.650872827
177,2007,0.627072696
177,2008,0.62578676
177,2009,0.622083374
177,2010,0.706212087
177,2011,0.708208649
177,2012,0.549900148
177,2013,0.585571507
177,2014,0.549677808
177,2015,0.589291823
177,2016,0.541077809
177,2017,0.688282145
177,2018,0.638668272
177,2019,0.606452225
178,2005,1
178,2006,1
178,2007,1
178,2008,1
178,2009,1
178,2010,1
178,2011,1
178,2012,1
178,2013,1
178,2014,1
178,2015,1
178,2016,1
178,2017,1
178,2018,1
178,2019,1
179,2005,0.549318551
179,2006,0.585924963
179,2007,0.556120794
179,2008,0.518854313
179,2009,0.581586289
179,2010,0.618399707
179,2011,0.614027893
179,2012,0.596761817
179,2013,0.63920255
179,2014,0.659449187
179,2015,0.654203206
179,2016,0.627980757
179,2017,0.628910528
179,2018,0.618118456
179,2019,0.582908932
180,2005,0.842098328
180,2006,0.843165029
180,2007,0.843447644
180,2008,0.829630018
180,2009,0.840047525
180,2010,0.844323873
180,2011,0.845677876
180,2012,0.791599304
180,2013,0.813320466
180,2014,0.833047108
180,2015,0.840557282
180,2016,0.813572268
180,2017,0.865078939
180,2018,0.83545031
180,2019,0.83884968
181,2005,0.802759939
181,2006,0.781300059
181,2007,0.827998268
181,2008,0.824711411
181,2009,0.819401823
181,2010,0.848865076
181,2011,0.84300788
181,2012,0.867358256
181,2013,0.873187502
181,2014,0.847639945
181,2015,0.857804674
181,2016,0.816383123
181,2017,0.839765283
181,2018,0.830450935
181,2019,0.811198393
182,2005,0.456903904
182,2006,0.495990659
182,2007,0.534448574
182,2008,0.494485937
182,2009,0.524157227
182,2010,0.538095155
182,2011,0.517194914
182,2012,0.53205687
182,2013,0.465232636
182,2014,0.478427208
182,2015,0.49369615
182,2016,0.45138745
182,2017,0.422426427
182,2018,0.464761137
182,2019,0.486676415
183,2005,0.918479679
183,2006,0.927156693
183,2007,0.921423112
183,2008,0.928610688
183,2009,0.902635658
183,2010,0.913288734
183,2011,0.892147756
183,2012,0.901778461
183,2013,0.890553794
183,2014,0.893154928
183,2015,0.910247999
183,2016,0.864364916
183,2017,0.826350879
183,2018,0.881724446
183,2019,0.878231254
184,2005,0.669279124
184,2006,0.671302424
184,2007,0.725467536
184,2008,0.676161114
184,2009,0.694553605
184,2010,0.663232731
184,2011,0.683969961
184,2012,0.661957301
184,2013,0.622221601
184,2014,0.626997822
184,2015,0.631054925
184,2016,0.635069467
184,2017,0.647676655
184,2018,0.685755476
184,2019,0.685145387
185,2005,1
185,2006,1
185,2007,1
185,2008,1
185,2009,1
185,2010,1
185,2011,1
185,2012,1
185,2013,1
185,2014,1
185,2015,1
185,2016,1
185,2017,1
185,2018,1
185,2019,1
186,2005,0.694945918
186,2006,0.718673833
186,2007,0.656131868
186,2008,0.668810252
186,2009,0.658706038
186,2010,0.641119961
186,2011,0.648332244
186,2012,0.67652813
186,2013,0.66479265
186,2014,0.711660168
186,2015,0.691819106
186,2016,0.693791825
186,2017,0.583799603
186,2018,0.617682487
186,2019,0.656990536
187,2005,0.581447826
187,2006,0.612504215
187,2007,0.63291121
187,2008,0.671075984
187,2009,0.649131148
187,2010,0.682366175
187,2011,0.703592861
187,2012,0.610290111
187,2013,0.656224837
187,2014,0.60734364
187,2015,0.599084534
187,2016,0.575355233
187,2017,0.502846599
187,2018,0.505162957
187,2019,0.478657955
188,2005,0.588368524
188,2006,0.455731929
188,2007,0.535320512
188,2008,0.400414839
188,2009,0.706608339
188,2010,0.353586509
188,2011,0.451643376
188,2012,0.426171105
188,2013,0.293284505
188,2014,0.199819776
188,2015,0.180826807
188,2016,0.148063477
188,2017,0.158873574
188,2018,0.132375641
188,2019,0.232157014
189,2005,1
189,2006,1
189,2007,1
189,2008,1
189,2009,1
189,2010,1
189,2011,1
189,2012,1
189,2013,1
189,2014,1
189,2015,1
189,2016,1
189,2017,1
189,2018,1
189,2019,1
190,2005,1
190,2006,1
190,2007,1
190,2008,1
190,2009,1
190,2010,1
190,2011,1
190,2012,1
190,2013,1
190,2014,1
190,2015,1
190,2016,1
190,2017,1
190,2018,1
190,2019,1
191,2005,0.986231475
191,2006,0.99409765
191,2007,0.987704697
191,2008,0.984790271
191,2009,0.980246952
191,2010,0.97386687
191,2011,0.973927495
191,2012,0.970628768
191,2013,0.951108134
191,2014,0.959659194
191,2015,0.942299731
191,2016,0.92456925
191,2017,0.91308618
191,2018,0.938938367
191,2019,0.932761498
192,2005,1
192,2006,1
192,2007,1
192,2008,1
192,2009,1
192,2010,1
192,2011,1
192,2012,1
192,2013,1
192,2014,1
192,2015,1
192,2016,1
192,2017,1
192,2018,1
192,2019,1
193,2005,1
193,2006,1
193,2007,1
193,2008,1
193,2009,1
193,2010,1
193,2011,1
193,2012,1
193,2013,1
193,2014,1
193,2015,1
193,2016,1
193,2017,1
193,2018,1
193,2019,1
194,2005,1
194,2006,1
194,2007,1
194,2008,1
194,2009,1
194,2010,1
194,2011,1
194,2012,1
194,2013,1
194,2014,1
194,2015,1
194,2016,1
194,2017,1
194,2018,1
194,2019,1
195,2005,1
195,2006,1
195,2007,1
195,2008,1
195,2009,1
195,2010,1
195,2011,1
195,2012,1
195,2013,1
195,2014,1
195,2015,1
195,2016,1
195,2017,1
195,2018,1
195,2019,1
196,2005,1
196,2006,1
196,2007,1
196,2008,1
196,2009,1
196,2010,1
196,2011,1
196,2012,1
196,2013,1
196,2014,1
196,2015,0.999896674
196,2016,0.999667366
196,2017,0.999788614
196,2018,0.999764435
196,2019,0.999775038
197,2005,1
197,2006,1
197,2007,1
197,2008,1
197,2009,1
197,2010,1
197,2011,1
197,2012,1
197,2013,1
197,2014,1
197,2015,1
197,2016,1
197,2017,1
197,2018,1
197,2019,1
198,2005,1
198,2006,1
198,2007,1
198,2008,1
198,2009,1
198,2010,1
198,2011,1
198,2012,1
198,2013,1
198,2014,1
198,2015,1
198,2016,1
198,2017,1
198,2018,1
198,2019,1
199,2005,1
199,2006,1
199,2007,1
199,2008,1
199,2009,1
199,2010,1
199,2011,1
199,2012,1
199,2013,1
199,2014,1
199,2015,1
199,2016,1
199,2017,1
199,2018,1
199,2019,1
200,2005,1
200,2006,1
200,2007,1
200,2008,1
200,2009,1
200,2010,1
200,2011,1
200,2012,1
200,2013,1
200,2014,1
200,2015,1
200,2016,1
200,2017,1
200,2018,1
200,2019,1
202,2005,0.900059011
202,2006,0.890365218
202,2007,0.854739766
202,2008,0.862397455
202,2009,0.835655462
202,2010,0.854352622
202,2011,0.847405154
202,2012,0.893203911
202,2013,0.877496588
202,2014,0.849735396
202,2015,0.894911552
202,2016,0.894529437
202,2017,0.901290696
202,2018,0.913790854
202,2019,0.913028128
203,2005,0.873745046
203,2006,0.921503182
203,2007,0.862375675
203,2008,0.891799416
203,2009,0.981673311
203,2010,0.86169866
203,2011,0.863005812
203,2012,0.852333961
203,2013,0.825184077
203,2014,0.78555951
203,2015,0.773897564
203,2016,0.75439754
203,2017,0.755088614
203,2018,0.727456527
203,2019,0.700598427
204,2005,0.826546181
204,2006,0.831086615
204,2007,0.827332171
204,2008,0.81875984
204,2009,0.836745516
204,2010,0.81807792
204,2011,0.788879665
204,2012,0.788673153
204,2013,0.771774873
204,2014,0.772261699
204,2015,0.751736555
204,2016,0.753790581
204,2017,0.745247954
204,2018,0.744207896
204,2019,0.734373544
205,2005,0.959100295
205,2006,0.961457466
205,2007,0.955876762
205,2008,0.933603816
205,2009,0.933728729
205,2010,0.952238524
205,2011,0.950488653
205,2012,0.946898377
205,2013,0.945198757
205,2014,0.949822173
205,2015,0.945674438
205,2016,0.948070127
205,2017,0.979891847
205,2018,0.951721409
205,2019,0.938416025
206,2005,0.935590078
206,2006,0.934104717
206,2007,0.913728654
206,2008,0.889089285
206,2009,0.87538361
206,2010,0.903294424
206,2011,0.913045047
206,2012,0.925467805
206,2013,0.907993337
206,2014,0.922255877
206,2015,0.942503993
206,2016,0.934225962
206,2017,0.930343033
206,2018,0.924739906
206,2019,0.928127474
207,2005,0.798672518
207,2006,0.782925476
207,2007,0.782283677
207,2008,0.777039599
207,2009,0.825941822
207,2010,0.803132338
207,2011,0.791045982
207,2012,0.76490847
207,2013,0.747242072
207,2014,0.726564673
207,2015,0.7433646
207,2016,0.729982562
207,2017,0.728342642
207,2018,0.692005175
207,2019,0.692822079
208,2005,0.306756114
208,2006,0.5353302
208,2007,0.620993351
208,2008,0.502999005
208,2009,0.558527717
208,2010,0.486924221
208,2011,0.499868686
208,2012,0.430392734
208,2013,0.420120717
208,2014,0.351778668
208,2015,0.389466205
208,2016,0.38677971
208,2017,0.391432077
208,2018,0.409736235
208,2019,0.45592461
209,2005,0.268046479
209,2006,0.265817283
209,2007,0.258610446
209,2008,0.250972071
209,2009,0.255072021
209,2010,0.254698023
209,2011,0.246808919
209,2012,0.244313761
209,2013,0.236499587
209,2014,0.232833406
209,2015,0.214680587
209,2016,0.205741537
209,2017,0.192611567
209,2018,0.180174246
209,2019,0.173361283
210,2005,0.78688913
210,2006,0.776694394
210,2007,0.788162012
210,2008,0.780779483
210,2009,0.786919904
210,2010,0.830348577
210,2011,0.812639262
210,2012,0.806987516
210,2013,0.808470298
210,2014,0.804043252
210,2015,0.795198208
210,2016,0.791536634
210,2017,0.780819102
210,2018,0.799039743
210,2019,0.783735475
212,2005,0.995310359
212,2006,0.99921467
212,2007,0.99935902
212,2008,0.999127223
212,2009,0.997772754
212,2010,0.996756555
212,2011,0.994742009
212,2012,0.999421738
212,2013,0.996868523
212,2014,0.999246539
212,2015,0.999993875
212,2016,0.999953967
212,2017,0.999992766
212,2018,0.999993286
212,2019,0.999896315
214,2005,0.256721152
214,2006,0.273319914
214,2007,0.368746288
214,2008,0.382632495
214,2009,0.421991637
214,2010,0.428485417
214,2011,0.417345346
214,2012,0.404721591
214,2013,0.361078754
214,2014,0.335642209
214,2015,0.28939699
214,2016,0.211678376
214,2017,0.214511666
214,2018,0.197816473
214,2019,0.150842276
215,2005,1
215,2006,1
215,2007,1
215,2008,1
215,2009,1
215,2010,1
215,2011,1
215,2012,1
215,2013,1
215,2014,1
215,2015,1
215,2016,1
215,2017,1
215,2018,1
215,2019,1
216,2005,0.823067394
216,2006,0.797715922
216,2007,0.768053029
216,2008,0.748979718
216,2009,0.690836511
216,2010,0.67591822
216,2011,0.67429338
216,2012,0.602668465
216,2013,0.606913461
216,2014,0.60111873
216,2015,0.593915042
216,2016,0.578597234
216,2017,0.594680078
216,2018,0.603095992
216,2019,0.635964611
218,2005,0.84643038
218,2006,0.857346717
218,2007,0.847672601
218,2008,0.838273899
218,2009,0.832262136
218,2010,0.826971778
218,2011,0.802953107
218,2012,0.813042305
218,2013,0.844188078
218,2014,0.802904952
218,2015,0.786205411
218,2016,0.794289479
218,2017,0.790501458
218,2018,0.786803644
218,2019,0.797518634
219,2005,1
219,2006,1
219,2007,1
219,2008,1
219,2009,1
219,2010,0.990254459
219,2011,0.997142271
219,2012,0.993400114
219,2013,0.997701953
219,2014,0.997875053
219,2015,0.99642764
219,2016,1
219,2017,1
219,2018,1
219,2019,1
220,2005,1
220,2006,1
220,2007,1
220,2008,1
220,2009,1
220,2010,1
220,2011,1
220,2012,1
220,2013,1
220,2014,1
220,2015,1
220,2016,1
220,2017,1
220,2018,1
220,2019,1
221,2005,1
221,2006,1
221,2007,1
221,2008,1
221,2009,1
221,2010,1
221,2011,1
221,2012,1
221,2013,1
221,2014,1
221,2015,1
221,2016,1
221,2017,1
221,2018,1
221,2019,1
222,2005,0.962669046
222,2006,0.969309413
222,2007,0.957786085
222,2008,0.943064861
222,2009,0.956015246
222,2010,0.944200029
222,2011,0.942342244
222,2012,0.939436067
222,2013,0.943248552
222,2014,0.952721674
222,2015,0.957783848
222,2016,0.959039295
222,2017,0.962334678
222,2018,0.941914949
222,2019,0.937244671
223,2005,0.675633588
223,2006,0.627853293
223,2007,0.634409468
223,2008,0.5982406
223,2009,0.604491449
223,2010,0.614051809
223,2011,0.541714623
223,2012,0.563320252
223,2013,0.541956132
223,2014,0.568564602
223,2015,0.573873727
223,2016,0.569955437
223,2017,0.570821759
223,2018,0.529795741
223,2019,0.472803015
224,2005,0.611657759
224,2006,0.616642716
224,2007,0.542822508
224,2008,0.566901405
224,2009,0.593752972
224,2010,0.540490742
224,2011,0.457631592
224,2012,0.414660951
224,2013,0.353305608
224,2014,0.456524727
224,2015,0.325189262
224,2016,0.307203364
224,2017,0.280555697
224,2018,0.25800561
224,2019,0.215133117
227,2005,1
227,2006,1
227,2007,1
227,2008,1
227,2009,1
227,2010,1
227,2011,1
227,2012,1
227,2013,1
227,2014,1
227,2015,1
227,2016,1
227,2017,1
227,2018,1
227,2019,1
228,2005,1
228,2006,1
228,2007,1
228,2008,1
228,2009,1
228,2010,1
228,2011,1
228,2012,1
228,2013,1
228,2014,1
228,2015,1
228,2016,1
228,2017,1
228,2018,1
228,2019,1
231,2005,0.999424244
231,2006,0.991241366
231,2007,0.990351197
231,2008,0.989240828
231,2009,0.967557151
231,2010,0.992427977
231,2011,0.990671923
231,2012,0.977557431
231,2013,0.983799765
231,2014,0.988751106
231,2015,0.98755222
231,2016,0.985228487
231,2017,0.985125937
231,2018,0.983669421
231,2019,0.986840183
232,2005,0.088696196
232,2006,0.074241347
232,2007,0.071014543
232,2008,0.087288783
232,2009,0.073662298
232,2010,0.072659979
232,2011,0.233651245
232,2012,0.092810934
232,2013,0.068714114
232,2014,0.084578255
232,2015,0.083182628
232,2016,0.081011157
232,2017,0.081412027
232,2018,0.081403036
232,2019,0.11341954
237,2005,1
237,2006,1
237,2007,1
237,2008,1
237,2009,1
237,2010,1
237,2011,1
237,2012,1
237,2013,1
237,2014,1
237,2015,1
237,2016,1
237,2017,1
237,2018,1
237,2019,1
244,2005,1
244,2006,1
244,2007,1
244,2008,1
244,2009,1
244,2010,1
244,2011,1
244,2012,1
244,2013,1
244,2014,1
244,2015,1
244,2016,1
244,2017,1
244,2018,1
244,2019,1
245,2005,1
245,2006,1
245,2007,1
245,2008,1
245,2009,1
245,2010,1
245,2011,1
245,2012,1
245,2013,1
245,2014,1
245,2015,1
245,2016,1
245,2017,1
245,2018,1
245,2019,1
247,2005,0.962181838
247,2006,0.94834797
247,2007,0.957830592
247,2008,0.962691263
247,2009,0.961002818
247,2010,0.962292825
247,2011,0.96364253
247,2012,0.965481069
247,2013,0.953675475
247,2014,0.938808384
247,2015,0.925371392
247,2016,0.885105513
247,2017,0.894678458
247,2018,0.930244133
247,2019,0.944021107
248,2005,1
248,2006,1
248,2007,1
248,2008,1
248,2009,1
248,2010,1
248,2011,1
248,2012,1
248,2013,1
248,2014,1
248,2015,1
248,2016,1
248,2017,1
248,2018,1
248,2019,1
249,2005,1
249,2006,1
249,2007,1
249,2008,1
249,2009,1
249,2010,1
249,2011,1
249,2012,1
249,2013,1
249,2014,1
249,2015,1
249,2016,1
249,2017,1
249,2018,1
249,2019,1
250,2005,1
250,2006,1
250,2007,1
250,2008,1
250,2009,1
250,2010,1
250,2011,1
250,2012,1
250,2013,1
250,2014,1
250,2015,1
250,2016,1
250,2017,1
250,2018,1
250,2019,1
