rgn_id,year,score,
1,2012,0.755464661,
1,2013,0.753070567,
1,2014,0.750676474,
1,2015,0.74828238,
1,2016,0.745888286,
1,2017,0.743494193,
1,2018,0.741100099,
1,2019,0.738706006,
1,2020,0.736311912,
1,2021,0.733917818,
1,2022,0.731523725,
2,2012,0.766830118,
2,2013,0.764610254,
2,2014,0.762390389,
2,2015,0.760170525,
2,2016,0.757950661,
2,2017,0.755730796,
2,2018,0.753510932,
2,2019,0.751291068,
2,2020,0.749071203,
2,2021,0.746851339,
2,2022,0.744631475,
3,2012,0.762638747,
3,2013,0.762333152,
3,2014,0.762027558,
3,2015,0.761721963,
3,2016,0.761416369,
3,2017,0.761110774,
3,2018,0.760805179,
3,2019,0.760499585,
3,2020,0.76019399,
3,2021,0.759888396,
3,2022,0.759582801,
4,2012,0.792608434,
4,2013,0.794296745,
4,2014,0.795985056,
4,2015,0.797673367,
4,2016,0.799361678,
4,2017,0.801049989,
4,2018,0.8027383,
4,2019,0.804426612,
4,2020,0.806114923,
4,2021,0.807803234,
4,2022,0.809491545,
5,2012,0.832399121,
5,2013,0.829908755,
5,2014,0.82741839,
5,2015,0.824928025,
5,2016,0.822437659,
5,2017,0.819947294,
5,2018,0.817456929,
5,2019,0.814966563,
5,2020,0.812476198,
5,2021,0.809985833,
5,2022,0.807495467,
6,2012,0.828345503,
6,2013,0.825696948,
6,2014,0.823048392,
6,2015,0.820399837,
6,2016,0.817751281,
6,2017,0.815102726,
6,2018,0.81245417,
6,2019,0.809805615,
6,2020,0.807157059,
6,2021,0.804508504,
6,2022,0.801859948,
7,2012,0.825388092,
7,2013,0.822816686,
7,2014,0.820245279,
7,2015,0.817673872,
7,2016,0.815102465,
7,2017,0.812531058,
7,2018,0.809959652,
7,2019,0.807388245,
7,2020,0.804816838,
7,2021,0.802245431,
7,2022,0.799674024,
8,2012,0.775663084,
8,2013,0.773194859,
8,2014,0.770726634,
8,2015,0.768258409,
8,2016,0.765790184,
8,2017,0.763321959,
8,2018,0.760853734,
8,2019,0.758385509,
8,2020,0.755917284,
8,2021,0.753449058,
8,2022,0.750980833,
9,2012,0.77086695,
9,2013,0.76839379,
9,2014,0.765920629,
9,2015,0.763447469,
9,2016,0.760974309,
9,2017,0.758501148,
9,2018,0.756027988,
9,2019,0.753554828,
9,2020,0.751081667,
9,2021,0.748608507,
9,2022,0.746135347,
10,2012,0.758095992,
10,2013,0.755316434,
10,2014,0.752536877,
10,2015,0.74975732,
10,2016,0.746977763,
10,2017,0.744198206,
10,2018,0.741418648,
10,2019,0.738639091,
10,2020,0.735859534,
10,2021,0.733079977,
10,2022,0.73030042,
11,2012,0.779252297,
11,2013,0.776849687,
11,2014,0.774447077,
11,2015,0.772044467,
11,2016,0.769641857,
11,2017,0.767239247,
11,2018,0.764836637,
11,2019,0.762434027,
11,2020,0.760031417,
11,2021,0.757628808,
11,2022,0.755226198,
12,2012,0.750621509,
12,2013,0.747684382,
12,2014,0.744747255,
12,2015,0.741810129,
12,2016,0.738873002,
12,2017,0.735935876,
12,2018,0.732998749,
12,2019,0.730061622,
12,2020,0.727124496,
12,2021,0.724187369,
12,2022,0.721250243,
13,2012,0.763382662,
13,2013,0.761059572,
13,2014,0.758736481,
13,2015,0.756413391,
13,2016,0.754090301,
13,2017,0.75176721,
13,2018,0.74944412,
13,2019,0.74712103,
13,2020,0.744797939,
13,2021,0.742474849,
13,2022,0.740151759,
14,2012,0.874639253,
14,2013,0.872037231,
14,2014,0.869435209,
14,2015,0.866833188,
14,2016,0.864231166,
14,2017,0.861629145,
14,2018,0.859027123,
14,2019,0.856425101,
14,2020,0.85382308,
14,2021,0.851221058,
14,2022,0.848619036,
15,2012,0.870069032,
15,2013,0.867494305,
15,2014,0.864919578,
15,2015,0.862344851,
15,2016,0.859770124,
15,2017,0.857195397,
15,2018,0.85462067,
15,2019,0.852045943,
15,2020,0.849471216,
15,2021,0.846896489,
15,2022,0.844321762,
16,2012,0.85665882,
16,2013,0.854908895,
16,2014,0.853158969,
16,2015,0.851409044,
16,2016,0.849659118,
16,2017,0.847909193,
16,2018,0.846159267,
16,2019,0.844409342,
16,2020,0.842659416,
16,2021,0.840909491,
16,2022,0.839159566,
17,2012,0.848892893,
17,2013,0.846628726,
17,2014,0.84436456,
17,2015,0.842100394,
17,2016,0.839836227,
17,2017,0.837572061,
17,2018,0.835307895,
17,2019,0.833043728,
17,2020,0.830779562,
17,2021,0.828515395,
17,2022,0.826251229,
18,2012,0.810508907,
18,2013,0.808050067,
18,2014,0.805591227,
18,2015,0.803132387,
18,2016,0.800673547,
18,2017,0.798214707,
18,2018,0.795755866,
18,2019,0.793297026,
18,2020,0.790838186,
18,2021,0.788379346,
18,2022,0.785920506,
19,2012,0.769714487,
19,2013,0.766378069,
19,2014,0.763041652,
19,2015,0.759705235,
19,2016,0.756368817,
19,2017,0.7530324,
19,2018,0.749695982,
19,2019,0.746359565,
19,2020,0.743023147,
19,2021,0.73968673,
19,2022,0.736350312,
20,2012,0.860566359,
20,2013,0.856063811,
20,2014,0.851561263,
20,2015,0.847058715,
20,2016,0.842556167,
20,2017,0.838053619,
20,2018,0.833551071,
20,2019,0.829048523,
20,2020,0.824545974,
20,2021,0.820043426,
20,2022,0.815540878,
21,2012,0.812148298,
21,2013,0.809210341,
21,2014,0.806272385,
21,2015,0.803334428,
21,2016,0.800396471,
21,2017,0.797458515,
21,2018,0.794520558,
21,2019,0.791582602,
21,2020,0.788644645,
21,2021,0.785706689,
21,2022,0.782768732,
24,2012,0.890828566,
24,2013,0.887699856,
24,2014,0.884571146,
24,2015,0.881442436,
24,2016,0.878313726,
24,2017,0.875185016,
24,2018,0.872056306,
24,2019,0.868927596,
24,2020,0.865798886,
24,2021,0.862670176,
24,2022,0.859541466,
25,2012,0.886012529,
25,2013,0.882884882,
25,2014,0.879757235,
25,2015,0.865116279,
25,2016,0.865116279,
25,2017,0.607909605,
25,2018,0.607909605,
25,2019,0.607909605,
25,2020,0.659649123,
25,2021,0.659649123,
25,2022,0.907972414,
26,2012,0.823229911,
26,2013,0.82036784,
26,2014,0.817505769,
26,2015,0.814643698,
26,2016,0.811781627,
26,2017,0.808919556,
26,2018,0.806057485,
26,2019,0.803195414,
26,2020,0.800333343,
26,2021,0.797471272,
26,2022,0.794609201,
28,2012,0.813462294,
28,2013,0.811557039,
28,2014,0.809651784,
28,2015,0.807746529,
28,2016,0.805841273,
28,2017,0.803936018,
28,2018,0.802030763,
28,2019,0.800125507,
28,2020,0.798220252,
28,2021,0.796314997,
28,2022,0.794409741,
29,2012,0.817435159,
29,2013,0.815616139,
29,2014,0.81379712,
29,2015,0.8119781,
29,2016,0.810159081,
29,2017,0.808340061,
29,2018,0.806521042,
29,2019,0.804702022,
29,2020,0.802883002,
29,2021,0.801063983,
29,2022,0.799244963,
30,2012,0.818288425,
30,2013,0.816372034,
30,2014,0.814455643,
30,2015,0.812539252,
30,2016,0.810622861,
30,2017,0.808706469,
30,2018,0.806790078,
30,2019,0.804873687,
30,2020,0.802957296,
30,2021,0.801040905,
30,2022,0.799124514,
31,2012,0.812350999,
31,2013,0.809896054,
31,2014,0.807441109,
31,2015,0.804986164,
31,2016,0.802531219,
31,2017,0.800076274,
31,2018,0.797621329,
31,2019,0.795166384,
31,2020,0.792711439,
31,2021,0.790256494,
31,2022,0.787801549,
32,2012,0.765873778,
32,2013,0.763518016,
32,2014,0.761162254,
32,2015,0.758806492,
32,2016,0.75645073,
32,2017,0.754094969,
32,2018,0.751739207,
32,2019,0.749383445,
32,2020,0.747027683,
32,2021,0.744671921,
32,2022,0.742316159,
33,2012,0.802849931,
33,2013,0.801184163,
33,2014,0.799518395,
33,2015,0.797852627,
33,2016,0.796186859,
33,2017,0.794521091,
33,2018,0.792855323,
33,2019,0.791189555,
33,2020,0.789523787,
33,2021,0.787858019,
33,2022,0.786192251,
34,2012,0.780237884,
34,2013,0.778567048,
34,2014,0.776896213,
34,2015,0.775225377,
34,2016,0.773554541,
34,2017,0.771883706,
34,2018,0.77021287,
34,2019,0.768542034,
34,2020,0.766871199,
34,2021,0.765200363,
34,2022,0.763529527,
35,2012,0.779408986,
35,2013,0.777888792,
35,2014,0.776368599,
35,2015,0.774848405,
35,2016,0.773328212,
35,2017,0.771808018,
35,2018,0.770287825,
35,2019,0.768767631,
35,2020,0.767247438,
35,2021,0.765727244,
35,2022,0.764207051,
36,2012,0.760606371,
36,2013,0.758155464,
36,2014,0.755704557,
36,2015,0.75325365,
36,2016,0.750802742,
36,2017,0.748351835,
36,2018,0.745900928,
36,2019,0.743450021,
36,2020,0.740999114,
36,2021,0.738548206,
36,2022,0.736097299,
37,2012,0.775224557,
37,2013,0.772755565,
37,2014,0.770286573,
37,2015,0.767817582,
37,2016,0.76534859,
37,2017,0.762879599,
37,2018,0.760410607,
37,2019,0.757941616,
37,2020,0.755472624,
37,2021,0.753003632,
37,2022,0.750534641,
38,2012,0.807558941,
38,2013,0.805423268,
38,2014,0.803287594,
38,2015,0.80115192,
38,2016,0.799016246,
38,2017,0.796880572,
38,2018,0.794744898,
38,2019,0.792609224,
38,2020,0.79047355,
38,2021,0.788337876,
38,2022,0.786202202,
39,2012,0.819743223,
39,2013,0.817302547,
39,2014,0.81486187,
39,2015,0.812421194,
39,2016,0.809980517,
39,2017,0.807539841,
39,2018,0.805099164,
39,2019,0.802658488,
39,2020,0.800217811,
39,2021,0.797777135,
39,2022,0.795336458,
40,2012,0.835824505,
40,2013,0.832911833,
40,2014,0.829999162,
40,2015,0.827086491,
40,2016,0.82417382,
40,2017,0.821261148,
40,2018,0.818348477,
40,2019,0.815435806,
40,2020,0.812523134,
40,2021,0.809610463,
40,2022,0.806697792,
41,2012,0.858813009,
41,2013,0.856760001,
41,2014,0.854706993,
41,2015,0.852653984,
41,2016,0.850600976,
41,2017,0.848547968,
41,2018,0.84649496,
41,2019,0.844441952,
41,2020,0.842388944,
41,2021,0.840335936,
41,2022,0.838282928,
42,2012,0.83807388,
42,2013,0.836167138,
42,2014,0.834260396,
42,2015,0.832353654,
42,2016,0.830446913,
42,2017,0.828540171,
42,2018,0.826633429,
42,2019,0.824726687,
42,2020,0.822819945,
42,2021,0.820913204,
42,2022,0.819006462,
43,2012,0.858042111,
43,2013,0.855597987,
43,2014,0.853153863,
43,2015,0.850709738,
43,2016,0.848265614,
43,2017,0.84582149,
43,2018,0.843377366,
43,2019,0.840933241,
43,2020,0.838489117,
43,2021,0.836044993,
43,2022,0.833600869,
44,2012,0.846629918,
44,2013,0.843953483,
44,2014,0.841277047,
44,2015,0.838600611,
44,2016,0.835924176,
44,2017,0.83324774,
44,2018,0.830571305,
44,2019,0.827894869,
44,2020,0.825218434,
44,2021,0.822541998,
44,2022,0.819865563,
45,2012,0.894258144,
45,2013,0.891172317,
45,2014,0.888086491,
45,2015,0.885000664,
45,2016,0.881914838,
45,2017,0.878829011,
45,2018,0.875743185,
45,2019,0.872657358,
45,2020,0.869571532,
45,2021,0.866485705,
45,2022,0.863399878,
46,2012,0.901416113,
46,2013,0.899280085,
46,2014,0.897144056,
46,2015,0.895008028,
46,2016,0.892871999,
46,2017,0.890735971,
46,2018,0.888599942,
46,2019,0.886463914,
46,2020,0.884327885,
46,2021,0.882191857,
46,2022,0.880055828,
47,2012,0.856226009,
47,2013,0.85315538,
47,2014,0.85008475,
47,2015,0.847014121,
47,2016,0.843943492,
47,2017,0.840872862,
47,2018,0.837802233,
47,2019,0.834731603,
47,2020,0.831660974,
47,2021,0.828590344,
47,2022,0.825519715,
48,2012,0.836104944,
48,2013,0.832809749,
48,2014,0.829514554,
48,2015,0.826219359,
48,2016,0.822924165,
48,2017,0.81962897,
48,2018,0.816333775,
48,2019,0.81303858,
48,2020,0.809743385,
48,2021,0.80644819,
48,2022,0.803152995,
49,2012,0.883031534,
49,2013,0.879279631,
49,2014,0.875527728,
49,2015,0.871775825,
49,2016,0.868023922,
49,2017,0.864272019,
49,2018,0.860520116,
49,2019,0.856768213,
49,2020,0.85301631,
49,2021,0.849264407,
49,2022,0.845512504,
50,2012,0.881734402,
50,2013,0.878160616,
50,2014,0.874586831,
50,2015,0.871013045,
50,2016,0.867439259,
50,2017,0.863865474,
50,2018,0.860291688,
50,2019,0.856717902,
50,2020,0.853144116,
50,2021,0.849570331,
50,2022,0.845996545,
51,2012,0.864219302,
51,2013,0.860675735,
51,2014,0.857132169,
51,2015,0.853588602,
51,2016,0.850045036,
51,2017,0.846501469,
51,2018,0.842957903,
51,2019,0.839414336,
51,2020,0.83587077,
51,2021,0.832327204,
51,2022,0.828783637,
52,2012,0.866234956,
52,2013,0.862217268,
52,2014,0.858199581,
52,2015,0.854181893,
52,2016,0.850164206,
52,2017,0.846146518,
52,2018,0.842128831,
52,2019,0.838111143,
52,2020,0.834093456,
52,2021,0.830075769,
52,2022,0.826058081,
53,2012,0.813980783,
53,2013,0.809999896,
53,2014,0.806019009,
53,2015,0.802038123,
53,2016,0.798057236,
53,2017,0.79407635,
53,2018,0.790095463,
53,2019,0.786114577,
53,2020,0.78213369,
53,2021,0.778152803,
53,2022,0.774171917,
54,2012,0.872112453,
54,2013,0.868012712,
54,2014,0.863912972,
54,2015,0.859813232,
54,2016,0.855713492,
54,2017,0.851613751,
54,2018,0.847514011,
54,2019,0.843414271,
54,2020,0.839314531,
54,2021,0.83521479,
54,2022,0.83111505,
55,2012,0.732716992,
55,2013,0.729059687,
55,2014,0.725402383,
55,2015,0.721745078,
55,2016,0.718087774,
55,2017,0.714430469,
55,2018,0.710773165,
55,2019,0.707115861,
55,2020,0.703458556,
55,2021,0.699801252,
55,2022,0.696143947,
56,2012,0.777588857,
56,2013,0.775167493,
56,2014,0.772746128,
56,2015,0.770324764,
56,2016,0.7679034,
56,2017,0.765482035,
56,2018,0.763060671,
56,2019,0.760639307,
56,2020,0.758217942,
56,2021,0.755796578,
56,2022,0.753375214,
57,2012,0.773243249,
57,2013,0.769229899,
57,2014,0.765216549,
57,2015,0.761203199,
57,2016,0.757189849,
57,2017,0.753176499,
57,2018,0.749163149,
57,2019,0.745149799,
57,2020,0.741136449,
57,2021,0.737123099,
57,2022,0.733109749,
58,2012,0.790044361,
58,2013,0.786106816,
58,2014,0.782169271,
58,2015,0.778231727,
58,2016,0.774294182,
58,2017,0.770356637,
58,2018,0.766419092,
58,2019,0.762481548,
58,2020,0.758544003,
58,2021,0.754606458,
58,2022,0.750668913,
59,2012,0.852726248,
59,2013,0.850659266,
59,2014,0.848592285,
59,2015,0.846525303,
59,2016,0.844458322,
59,2017,0.842391341,
59,2018,0.840324359,
59,2019,0.838257378,
59,2020,0.836190396,
59,2021,0.834123415,
59,2022,0.832056433,
60,2012,0.763423798,
60,2013,0.758212477,
60,2014,0.753001156,
60,2015,0.747789836,
60,2016,0.742578515,
60,2017,0.737367194,
60,2018,0.732155873,
60,2019,0.726944553,
60,2020,0.721733232,
60,2021,0.716521911,
60,2022,0.71131059,
61,2012,0.74233468,
61,2013,0.737074635,
61,2014,0.731814589,
61,2015,0.726554544,
61,2016,0.721294498,
61,2017,0.716034453,
61,2018,0.710774407,
61,2019,0.705514362,
61,2020,0.700254316,
61,2021,0.694994271,
61,2022,0.689734225,
62,2012,0.787775074,
62,2013,0.783488743,
62,2014,0.779202412,
62,2015,0.774916082,
62,2016,0.770629751,
62,2017,0.76634342,
62,2018,0.76205709,
62,2019,0.757770759,
62,2020,0.753484429,
62,2021,0.749198098,
62,2022,0.744911767,
63,2012,0.788870553,
63,2013,0.785411179,
63,2014,0.781951805,
63,2015,0.778492431,
63,2016,0.775033057,
63,2017,0.771573683,
63,2018,0.768114309,
63,2019,0.764654935,
63,2020,0.761195561,
63,2021,0.757736187,
63,2022,0.754276813,
64,2012,0.794816813,
64,2013,0.791711333,
64,2014,0.788605852,
64,2015,0.785500372,
64,2016,0.782394892,
64,2017,0.779289412,
64,2018,0.776183931,
64,2019,0.773078451,
64,2020,0.769972971,
64,2021,0.76686749,
64,2022,0.76376201,
65,2012,0.794500047,
65,2013,0.7916984,
65,2014,0.788896754,
65,2015,0.786095107,
65,2016,0.783293461,
65,2017,0.780491814,
65,2018,0.777690168,
65,2019,0.774888521,
65,2020,0.772086875,
65,2021,0.769285228,
65,2022,0.766483582,
66,2012,0.788092219,
66,2013,0.785115869,
66,2014,0.782139519,
66,2015,0.779163168,
66,2016,0.776186818,
66,2017,0.773210468,
66,2018,0.770234118,
66,2019,0.767257768,
66,2020,0.764281418,
66,2021,0.761305068,
66,2022,0.758328718,
67,2012,0.676935294,
67,2013,0.669797745,
67,2014,0.662660197,
67,2015,0.655522649,
67,2016,0.6483851,
67,2017,0.641247552,
67,2018,0.634110004,
67,2019,0.626972455,
67,2020,0.619834907,
67,2021,0.612697359,
67,2022,0.605559811,
68,2012,0.677795203,
68,2013,0.671453135,
68,2014,0.665111066,
68,2015,0.658768998,
68,2016,0.65242693,
68,2017,0.646084861,
68,2018,0.639742793,
68,2019,0.633400725,
68,2020,0.627058657,
68,2021,0.620716588,
68,2022,0.61437452,
69,2012,0.936939271,
69,2013,0.933481538,
69,2014,0.930023805,
69,2015,0.926566072,
69,2016,0.923108339,
69,2017,0.919650606,
69,2018,0.916192874,
69,2019,0.912735141,
69,2020,0.909277408,
69,2021,0.905819675,
69,2022,0.902361942,
70,2012,0.937240399,
70,2013,0.934147349,
70,2014,0.931054299,
70,2015,0.92796125,
70,2016,0.9248682,
70,2017,0.92177515,
70,2018,0.9186821,
70,2019,0.91558905,
70,2020,0.912496,
70,2021,0.90940295,
70,2022,0.9063099,
71,2012,0.896993438,
71,2013,0.894247151,
71,2014,0.891500865,
71,2015,0.888754578,
71,2016,0.886008292,
71,2017,0.883262005,
71,2018,0.880515718,
71,2019,0.877769432,
71,2020,0.875023145,
71,2021,0.872276858,
71,2022,0.869530572,
72,2012,0.887998144,
72,2013,0.885933139,
72,2014,0.883868134,
72,2015,0.88180313,
72,2016,0.879738125,
72,2017,0.87767312,
72,2018,0.875608116,
72,2019,0.873543111,
72,2020,0.871478107,
72,2021,0.869413102,
72,2022,0.867348097,
73,2012,0.822461512,
73,2013,0.82267327,
73,2014,0.822885028,
73,2015,0.823096786,
73,2016,0.823308544,
73,2017,0.823520302,
73,2018,0.82373206,
73,2019,0.823943817,
73,2020,0.824155575,
73,2021,0.824367333,
73,2022,0.824579091,
74,2012,0.866506826,
74,2013,0.863017626,
74,2014,0.859528426,
74,2015,0.856039226,
74,2016,0.852550026,
74,2017,0.849060825,
74,2018,0.845571625,
74,2019,0.842082425,
74,2020,0.838593225,
74,2021,0.835104025,
74,2022,0.831614825,
75,2012,0.891372557,
75,2013,0.888095988,
75,2014,0.88481942,
75,2015,0.881542851,
75,2016,0.878266282,
75,2017,0.874989714,
75,2018,0.871713145,
75,2019,0.868436576,
75,2020,0.865160008,
75,2021,0.861883439,
75,2022,0.85860687,
76,2012,0.792289585,
76,2013,0.787410876,
76,2014,0.782532168,
76,2015,0.777653459,
76,2016,0.772774751,
76,2017,0.767896042,
76,2018,0.763017333,
76,2019,0.758138625,
76,2020,0.753259916,
76,2021,0.748381208,
76,2022,0.743502499,
77,2012,0.719742782,
77,2013,0.713134339,
77,2014,0.706525895,
77,2015,0.699917452,
77,2016,0.693309008,
77,2017,0.686700565,
77,2018,0.680092122,
77,2019,0.673483678,
77,2020,0.666875235,
77,2021,0.660266791,
77,2022,0.653658348,
78,2012,0.690351534,
78,2013,0.682962505,
78,2014,0.675573477,
78,2015,0.668184449,
78,2016,0.66079542,
78,2017,0.653406392,
78,2018,0.646017364,
78,2019,0.638628335,
78,2020,0.631239307,
78,2021,0.623850279,
78,2022,0.61646125,
79,2012,0.708851566,
79,2013,0.702146348,
79,2014,0.695441129,
79,2015,0.68873591,
79,2016,0.682030692,
79,2017,0.675325473,
79,2018,0.668620254,
79,2019,0.661915036,
79,2020,0.655209817,
79,2021,0.648504598,
79,2022,0.64179938,
80,2012,0.714603094,
80,2013,0.707961678,
80,2014,0.701320262,
80,2015,0.694678846,
80,2016,0.68803743,
80,2017,0.681396013,
80,2018,0.674754597,
80,2019,0.668113181,
80,2020,0.661471765,
80,2021,0.654830349,
80,2022,0.648188932,
81,2012,0.664438889,
81,2013,0.656550573,
81,2014,0.648662257,
81,2015,0.640773941,
81,2016,0.632885625,
81,2017,0.62499731,
81,2018,0.617108994,
81,2019,0.609220678,
81,2020,0.601332362,
81,2021,0.593444046,
81,2022,0.585555731,
82,2012,0.751819281,
82,2013,0.746434093,
82,2014,0.741048906,
82,2015,0.735663719,
82,2016,0.730278531,
82,2017,0.724893344,
82,2018,0.719508157,
82,2019,0.714122969,
82,2020,0.708737782,
82,2021,0.703352594,
82,2022,0.697967407,
84,2012,0.687744347,
84,2013,0.681397626,
84,2014,0.675050905,
84,2015,0.668704183,
84,2016,0.662357462,
84,2017,0.65601074,
84,2018,0.649664019,
84,2019,0.643317298,
84,2020,0.636970576,
84,2021,0.630623855,
84,2022,0.624277134,
85,2012,0.752550885,
85,2013,0.751468906,
85,2014,0.750386927,
85,2015,0.749304949,
85,2016,0.74822297,
85,2017,0.747140991,
85,2018,0.746059013,
85,2019,0.744977034,
85,2020,0.743895055,
85,2021,0.742813077,
85,2022,0.741731098,
86,2012,0.765274833,
86,2013,0.764206294,
86,2014,0.763137756,
86,2015,0.762069217,
86,2016,0.761000679,
86,2017,0.75993214,
86,2018,0.758863602,
86,2019,0.757795064,
86,2020,0.756726525,
86,2021,0.755657987,
86,2022,0.754589448,
88,2012,0.713026144,
88,2013,0.713645683,
88,2014,0.714265222,
88,2015,0.714884761,
88,2016,0.715504299,
88,2017,0.716123838,
88,2018,0.716743377,
88,2019,0.717362916,
88,2020,0.717982455,
88,2021,0.718601994,
88,2022,0.719221533,
89,2012,0.795786458,
89,2013,0.797526369,
89,2014,0.799266281,
89,2015,0.801006192,
89,2016,0.802746104,
89,2017,0.804486015,
89,2018,0.806225926,
89,2019,0.807965838,
89,2020,0.809705749,
89,2021,0.811445661,
89,2022,0.813185572,
90,2012,0.782699225,
90,2013,0.783152192,
90,2014,0.783605159,
90,2015,0.784058126,
90,2016,0.784511093,
90,2017,0.78496406,
90,2018,0.785417027,
90,2019,0.785869994,
90,2020,0.786322961,
90,2021,0.786775928,
90,2022,0.787228894,
91,2012,0.781515055,
91,2013,0.782384614,
91,2014,0.783254174,
91,2015,0.784123734,
91,2016,0.784993293,
91,2017,0.785862853,
91,2018,0.786732413,
91,2019,0.787601972,
91,2020,0.788471532,
91,2021,0.789341092,
91,2022,0.790210652,
92,2012,0.732231673,
92,2013,0.73249085,
92,2014,0.732750027,
92,2015,0.733009204,
92,2016,0.733268381,
92,2017,0.733527558,
92,2018,0.733786735,
92,2019,0.734045912,
92,2020,0.734305089,
92,2021,0.734564266,
92,2022,0.734823443,
93,2012,0.795327417,
93,2013,0.797183094,
93,2014,0.79903877,
93,2015,0.800894447,
93,2016,0.802750123,
93,2017,0.804605799,
93,2018,0.806461476,
93,2019,0.808317152,
93,2020,0.810172829,
93,2021,0.812028505,
93,2022,0.813884181,
94,2012,0.809381775,
94,2013,0.811267896,
94,2014,0.813154017,
94,2015,0.815040139,
94,2016,0.81692626,
94,2017,0.818812381,
94,2018,0.820698502,
94,2019,0.822584623,
94,2020,0.824470744,
94,2021,0.826356866,
94,2022,0.828242987,
95,2012,0.798764558,
95,2013,0.799749701,
95,2014,0.800734845,
95,2015,0.801719988,
95,2016,0.802705131,
95,2017,0.803690274,
95,2018,0.804675418,
95,2019,0.805660561,
95,2020,0.806645704,
95,2021,0.807630847,
95,2022,0.808615991,
96,2012,0.784168908,
96,2013,0.780553042,
96,2014,0.776937175,
96,2015,0.773321309,
96,2016,0.769705443,
96,2017,0.766089577,
96,2018,0.762473711,
96,2019,0.758857845,
96,2020,0.755241979,
96,2021,0.751626113,
96,2022,0.748010247,
97,2012,0.779866453,
97,2013,0.776327413,
97,2014,0.772788373,
97,2015,0.769249333,
97,2016,0.765710293,
97,2017,0.762171253,
97,2018,0.758632213,
97,2019,0.755093173,
97,2020,0.751554133,
97,2021,0.748015093,
97,2022,0.744476053,
98,2012,0.764028283,
98,2013,0.760339077,
98,2014,0.756649872,
98,2015,0.752960667,
98,2016,0.749271461,
98,2017,0.745582256,
98,2018,0.741893051,
98,2019,0.738203846,
98,2020,0.73451464,
98,2021,0.730825435,
98,2022,0.72713623,
99,2012,0.774551284,
99,2013,0.770807567,
99,2014,0.767063849,
99,2015,0.763320132,
99,2016,0.759576415,
99,2017,0.755832698,
99,2018,0.75208898,
99,2019,0.748345263,
99,2020,0.744601546,
99,2021,0.740857829,
99,2022,0.737114112,
100,2012,0.760440764,
100,2013,0.757744569,
100,2014,0.755048374,
100,2015,0.752352179,
100,2016,0.749655984,
100,2017,0.746959789,
100,2018,0.744263594,
100,2019,0.741567399,
100,2020,0.738871204,
100,2021,0.736175009,
100,2022,0.733478814,
101,2012,0.759575928,
101,2013,0.75819362,
101,2014,0.756811311,
101,2015,0.755429003,
101,2016,0.754046694,
101,2017,0.752664386,
101,2018,0.751282077,
101,2019,0.749899769,
101,2020,0.74851746,
101,2021,0.747135151,
101,2022,0.745752843,
102,2012,0.78256007,
102,2013,0.781280541,
102,2014,0.780001012,
102,2015,0.778721482,
102,2016,0.777441953,
102,2017,0.776162424,
102,2018,0.774882895,
102,2019,0.773603366,
102,2020,0.772323837,
102,2021,0.771044308,
102,2022,0.769764779,
103,2012,0.764349379,
103,2013,0.762568833,
103,2014,0.760788287,
103,2015,0.759007742,
103,2016,0.757227196,
103,2017,0.75544665,
103,2018,0.753666105,
103,2019,0.751885559,
103,2020,0.750105013,
103,2021,0.748324467,
103,2022,0.746543922,
104,2012,0.765209055,
104,2013,0.763366756,
104,2014,0.761524457,
104,2015,0.759682158,
104,2016,0.757839859,
104,2017,0.75599756,
104,2018,0.754155261,
104,2019,0.752312962,
104,2020,0.750470663,
104,2021,0.748628364,
104,2022,0.746786065,
105,2012,0.792351099,
105,2013,0.794211537,
105,2014,0.796071975,
105,2015,0.797932413,
105,2016,0.799792852,
105,2017,0.80165329,
105,2018,0.803513728,
105,2019,0.805374166,
105,2020,0.807234604,
105,2021,0.809095042,
105,2022,0.81095548,
106,2012,0.767656689,
106,2013,0.764090271,
106,2014,0.760523852,
106,2015,0.756957434,
106,2016,0.753391015,
106,2017,0.749824597,
106,2018,0.746258179,
106,2019,0.74269176,
106,2020,0.739125342,
106,2021,0.735558923,
106,2022,0.731992505,
107,2012,0.72393191,
107,2013,0.720144177,
107,2014,0.716356445,
107,2015,0.712568713,
107,2016,0.708780981,
107,2017,0.704993248,
107,2018,0.701205516,
107,2019,0.697417784,
107,2020,0.693630051,
107,2021,0.689842319,
107,2022,0.686054587,
108,2012,0.739641653,
108,2013,0.736661399,
108,2014,0.733681144,
108,2015,0.730700889,
108,2016,0.727720634,
108,2017,0.72474038,
108,2018,0.721760125,
108,2019,0.71877987,
108,2020,0.715799615,
108,2021,0.71281936,
108,2022,0.709839106,
110,2012,0.845518761,
110,2013,0.842116119,
110,2014,0.838713477,
110,2015,0.835310835,
110,2016,0.831908193,
110,2017,0.828505551,
110,2018,0.825102909,
110,2019,0.821700267,
110,2020,0.818297625,
110,2021,0.814894983,
110,2022,0.811492341,
111,2012,0.810092696,
111,2013,0.806710842,
111,2014,0.803328988,
111,2015,0.799947135,
111,2016,0.796565281,
111,2017,0.793183427,
111,2018,0.789801573,
111,2019,0.786419719,
111,2020,0.783037865,
111,2021,0.779656011,
111,2022,0.776274158,
112,2012,0.853195071,
112,2013,0.849732555,
112,2014,0.846270039,
112,2015,0.842807523,
112,2016,0.839345007,
112,2017,0.835882491,
112,2018,0.832419975,
112,2019,0.828957459,
112,2020,0.825494943,
112,2021,0.822032427,
112,2022,0.81856991,
113,2012,0.811765348,
113,2013,0.807998417,
113,2014,0.804231486,
113,2015,0.800464555,
113,2016,0.796697624,
113,2017,0.792930693,
113,2018,0.789163762,
113,2019,0.785396832,
113,2020,0.781629901,
113,2021,0.77786297,
113,2022,0.774096039,
114,2012,0.846030474,
114,2013,0.842533894,
114,2014,0.839037314,
114,2015,0.835540733,
114,2016,0.832044153,
114,2017,0.828547573,
114,2018,0.825050993,
114,2019,0.821554413,
114,2020,0.818057833,
114,2021,0.814561252,
114,2022,0.811064672,
115,2012,0.830890553,
115,2013,0.827321076,
115,2014,0.823751598,
115,2015,0.820182121,
115,2016,0.816612644,
115,2017,0.813043167,
115,2018,0.80947369,
115,2019,0.805904213,
115,2020,0.802334736,
115,2021,0.798765258,
115,2022,0.795195781,
116,2012,0.829736906,
116,2013,0.826435303,
116,2014,0.823133699,
116,2015,0.819832096,
116,2016,0.816530493,
116,2017,0.81322889,
116,2018,0.809927286,
116,2019,0.806625683,
116,2020,0.80332408,
116,2021,0.800022477,
116,2022,0.796720874,
117,2012,0.809974248,
117,2013,0.807075913,
117,2014,0.804177578,
117,2015,0.801279244,
117,2016,0.798380909,
117,2017,0.795482575,
117,2018,0.79258424,
117,2019,0.789685906,
117,2020,0.786787571,
117,2021,0.783889237,
117,2022,0.780990902,
118,2012,0.812971702,
118,2013,0.809606509,
118,2014,0.806241316,
118,2015,0.802876124,
118,2016,0.799510931,
118,2017,0.796145738,
118,2018,0.792780545,
118,2019,0.789415352,
118,2020,0.78605016,
118,2021,0.782684967,
118,2022,0.779319774,
119,2012,0.874339118,
119,2013,0.871529558,
119,2014,0.868719998,
119,2015,0.865910438,
119,2016,0.863100878,
119,2017,0.860291318,
119,2018,0.857481758,
119,2019,0.854672199,
119,2020,0.851862639,
119,2021,0.849053079,
119,2022,0.846243519,
120,2012,0.82248434,
120,2013,0.819083474,
120,2014,0.815682608,
120,2015,0.812281742,
120,2016,0.808880877,
120,2017,0.805480011,
120,2018,0.802079145,
120,2019,0.798678279,
120,2020,0.795277413,
120,2021,0.791876547,
120,2022,0.788475682,
121,2012,0.864593877,
121,2013,0.86128037,
121,2014,0.857966863,
121,2015,0.854653357,
121,2016,0.85133985,
121,2017,0.848026343,
121,2018,0.844712836,
121,2019,0.841399329,
121,2020,0.838085823,
121,2021,0.834772316,
121,2022,0.831458809,
122,2012,0.862487453,
122,2013,0.859229551,
122,2014,0.855971648,
122,2015,0.852713746,
122,2016,0.849455844,
122,2017,0.846197941,
122,2018,0.842940039,
122,2019,0.839682136,
122,2020,0.836424234,
122,2021,0.833166331,
122,2022,0.829908429,
123,2012,0.838908163,
123,2013,0.835432941,
123,2014,0.831957718,
123,2015,0.828482495,
123,2016,0.825007272,
123,2017,0.821532049,
123,2018,0.818056826,
123,2019,0.814581603,
123,2020,0.81110638,
123,2021,0.807631157,
123,2022,0.804155934,
124,2012,0.808738438,
124,2013,0.80578699,
124,2014,0.802835541,
124,2015,0.799884093,
124,2016,0.796932644,
124,2017,0.793981195,
124,2018,0.791029747,
124,2019,0.788078298,
124,2020,0.78512685,
124,2021,0.782175401,
124,2022,0.779223953,
125,2012,0.860456727,
125,2013,0.857207053,
125,2014,0.853957378,
125,2015,0.850707704,
125,2016,0.847458029,
125,2017,0.844208355,
125,2018,0.840958681,
125,2019,0.837709006,
125,2020,0.834459332,
125,2021,0.831209657,
125,2022,0.827959983,
126,2012,0.860070204,
126,2013,0.857049219,
126,2014,0.854028234,
126,2015,0.851007248,
126,2016,0.847986263,
126,2017,0.844965278,
126,2018,0.841944292,
126,2019,0.838923307,
126,2020,0.835902322,
126,2021,0.832881336,
126,2022,0.829860351,
127,2012,0.85325059,
127,2013,0.84973146,
127,2014,0.84621233,
127,2015,0.842693201,
127,2016,0.839174071,
127,2017,0.835654941,
127,2018,0.832135811,
127,2019,0.828616681,
127,2020,0.825097551,
127,2021,0.821578422,
127,2022,0.818059292,
129,2012,0.831229793,
129,2013,0.827772017,
129,2014,0.824314241,
129,2015,0.820856465,
129,2016,0.817398689,
129,2017,0.813940913,
129,2018,0.810483136,
129,2019,0.80702536,
129,2020,0.803567584,
129,2021,0.800109808,
129,2022,0.796652032,
130,2012,0.781043323,
130,2013,0.778066972,
130,2014,0.775090621,
130,2015,0.77211427,
130,2016,0.769137919,
130,2017,0.766161568,
130,2018,0.763185217,
130,2019,0.760208866,
130,2020,0.757232515,
130,2021,0.754256164,
130,2022,0.751279813,
131,2012,0.862762715,
131,2013,0.859502326,
131,2014,0.856241938,
131,2015,0.85298155,
131,2016,0.849721161,
131,2017,0.846460773,
131,2018,0.843200385,
131,2019,0.839939996,
131,2020,0.836679608,
131,2021,0.833419219,
131,2022,0.830158831,
132,2012,0.810494539,
132,2013,0.807232585,
132,2014,0.803970632,
132,2015,0.800708679,
132,2016,0.797446725,
132,2017,0.794184772,
132,2018,0.790922819,
132,2019,0.787660865,
132,2020,0.784398912,
132,2021,0.781136959,
132,2022,0.777875005,
133,2012,0.859132003,
133,2013,0.855825959,
133,2014,0.852519914,
133,2015,0.84921387,
133,2016,0.845907826,
133,2017,0.842601781,
133,2018,0.839295737,
133,2019,0.835989692,
133,2020,0.832683648,
133,2021,0.829377603,
133,2022,0.826071559,
134,2012,0.812323136,
134,2013,0.80936746,
134,2014,0.806411783,
134,2015,0.803456106,
134,2016,0.80050043,
134,2017,0.797544753,
134,2018,0.794589076,
134,2019,0.7916334,
134,2020,0.788677723,
134,2021,0.785722046,
134,2022,0.78276637,
135,2012,0.788328035,
135,2013,0.785127756,
135,2014,0.781927477,
135,2015,0.778727198,
135,2016,0.775526919,
135,2017,0.77232664,
135,2018,0.76912636,
135,2019,0.765926081,
135,2020,0.762725802,
135,2021,0.759525523,
135,2022,0.756325244,
136,2012,0.791511559,
136,2013,0.78840775,
136,2014,0.785303941,
136,2015,0.782200131,
136,2016,0.779096322,
136,2017,0.775992513,
136,2018,0.772888703,
136,2019,0.769784894,
136,2020,0.766681085,
136,2021,0.763577275,
136,2022,0.760473466,
137,2012,0.76267323,
137,2013,0.759423477,
137,2014,0.756173725,
137,2015,0.752923973,
137,2016,0.74967422,
137,2017,0.746424468,
137,2018,0.743174715,
137,2019,0.739924963,
137,2020,0.736675211,
137,2021,0.733425458,
137,2022,0.730175706,
138,2012,0.735907046,
138,2013,0.73336158,
138,2014,0.730816114,
138,2015,0.728270648,
138,2016,0.725725182,
138,2017,0.723179715,
138,2018,0.720634249,
138,2019,0.718088783,
138,2020,0.715543317,
138,2021,0.712997851,
138,2022,0.710452385,
139,2012,0.848456028,
139,2013,0.845452408,
139,2014,0.842448788,
139,2015,0.839445168,
139,2016,0.836441549,
139,2017,0.833437929,
139,2018,0.830434309,
139,2019,0.827430689,
139,2020,0.824427069,
139,2021,0.821423449,
139,2022,0.818419829,
140,2012,0.83401028,
140,2013,0.830686444,
140,2014,0.827362608,
140,2015,0.824038772,
140,2016,0.820714936,
140,2017,0.817391099,
140,2018,0.814067263,
140,2019,0.810743427,
140,2020,0.807419591,
140,2021,0.804095755,
140,2022,0.800771919,
141,2012,0.791866587,
141,2013,0.789344575,
141,2014,0.786822563,
141,2015,0.784300551,
141,2016,0.781778539,
141,2017,0.779256527,
141,2018,0.776734516,
141,2019,0.774212504,
141,2020,0.771690492,
141,2021,0.76916848,
141,2022,0.766646468,
143,2012,0.803458152,
143,2013,0.800879802,
143,2014,0.798301452,
143,2015,0.795723102,
143,2016,0.793144753,
143,2017,0.790566403,
143,2018,0.787988053,
143,2019,0.785409703,
143,2020,0.782831353,
143,2021,0.780253004,
143,2022,0.777674654,
144,2012,0.773866204,
144,2013,0.772071625,
144,2014,0.770277045,
144,2015,0.768482466,
144,2016,0.766687886,
144,2017,0.764893307,
144,2018,0.763098728,
144,2019,0.761304148,
144,2020,0.759509569,
144,2021,0.757714989,
144,2022,0.75592041,
145,2012,0.815331738,
145,2013,0.814571202,
145,2014,0.813810665,
145,2015,0.813050129,
145,2016,0.812289593,
145,2017,0.811529056,
145,2018,0.81076852,
145,2019,0.810007983,
145,2020,0.809247447,
145,2021,0.808486911,
145,2022,0.807726374,
146,2012,0.759622934,
146,2013,0.758151705,
146,2014,0.756680475,
146,2015,0.755209245,
146,2016,0.753738015,
146,2017,0.752266785,
146,2018,0.750795556,
146,2019,0.749324326,
146,2020,0.747853096,
146,2021,0.746381866,
146,2022,0.744910636,
147,2012,0.769936569,
147,2013,0.767324688,
147,2014,0.764712808,
147,2015,0.762100927,
147,2016,0.759489046,
147,2017,0.756877166,
147,2018,0.754265285,
147,2019,0.751653405,
147,2020,0.749041524,
147,2021,0.746429644,
147,2022,0.743817763,
148,2012,0.761569313,
148,2013,0.75792193,
148,2014,0.754274546,
148,2015,0.750627162,
148,2016,0.746979779,
148,2017,0.743332395,
148,2018,0.739685012,
148,2019,0.736037628,
148,2020,0.732390245,
148,2021,0.728742861,
148,2022,0.725095477,
149,2012,0.761926917,
149,2013,0.758221445,
149,2014,0.754515973,
149,2015,0.750810502,
149,2016,0.74710503,
149,2017,0.743399558,
149,2018,0.739694086,
149,2019,0.735988615,
149,2020,0.732283143,
149,2021,0.728577671,
149,2022,0.724872199,
150,2012,0.754883994,
150,2013,0.751639699,
150,2014,0.748395404,
150,2015,0.745151109,
150,2016,0.741906814,
150,2017,0.738662519,
150,2018,0.735418223,
150,2019,0.732173928,
150,2020,0.728929633,
150,2021,0.725685338,
150,2022,0.722441043,
151,2012,0.769631808,
151,2013,0.766457835,
151,2014,0.763283862,
151,2015,0.760109889,
151,2016,0.756935917,
151,2017,0.753761944,
151,2018,0.750587971,
151,2019,0.747413998,
151,2020,0.744240026,
151,2021,0.741066053,
151,2022,0.73789208,
152,2012,0.793849082,
152,2013,0.791185171,
152,2014,0.788521261,
152,2015,0.78585735,
152,2016,0.78319344,
152,2017,0.780529529,
152,2018,0.777865618,
152,2019,0.775201708,
152,2020,0.772537797,
152,2021,0.769873887,
152,2022,0.767209976,
153,2012,0.763951438,
153,2013,0.76092811,
153,2014,0.757904781,
153,2015,0.754881453,
153,2016,0.751858124,
153,2017,0.748834796,
153,2018,0.745811467,
153,2019,0.742788139,
153,2020,0.73976481,
153,2021,0.736741482,
153,2022,0.733718153,
154,2012,0.761200433,
154,2013,0.758406827,
154,2014,0.755613221,
154,2015,0.752819615,
154,2016,0.750026009,
154,2017,0.747232402,
154,2018,0.744438796,
154,2019,0.74164519,
154,2020,0.738851584,
154,2021,0.736057978,
154,2022,0.733264372,
155,2012,0.780752187,
155,2013,0.778150014,
155,2014,0.775547842,
155,2015,0.772945669,
155,2016,0.770343497,
155,2017,0.767741324,
155,2018,0.765139151,
155,2019,0.762536979,
155,2020,0.759934806,
155,2021,0.757332633,
155,2022,0.754730461,
156,2012,0.76673953,
156,2013,0.763118569,
156,2014,0.759497607,
156,2015,0.755876645,
156,2016,0.752255683,
156,2017,0.748634721,
156,2018,0.745013759,
156,2019,0.741392797,
156,2020,0.737771836,
156,2021,0.734150874,
156,2022,0.730529912,
157,2012,0.769041235,
157,2013,0.765422487,
157,2014,0.761803739,
157,2015,0.758184991,
157,2016,0.754566242,
157,2017,0.750947494,
157,2018,0.747328746,
157,2019,0.743709998,
157,2020,0.74009125,
157,2021,0.736472502,
157,2022,0.732853754,
158,2012,0.774500188,
158,2013,0.77130909,
158,2014,0.768117991,
158,2015,0.764926892,
158,2016,0.761735794,
158,2017,0.758544695,
158,2018,0.755353596,
158,2019,0.752162498,
158,2020,0.748971399,
158,2021,0.745780301,
158,2022,0.742589202,
159,2012,0.756493756,
159,2013,0.753616501,
159,2014,0.750739245,
159,2015,0.74786199,
159,2016,0.744984735,
159,2017,0.74210748,
159,2018,0.739230225,
159,2019,0.73635297,
159,2020,0.733475715,
159,2021,0.73059846,
159,2022,0.727721205,
161,2012,0.777374699,
161,2013,0.774375004,
161,2014,0.771375309,
161,2015,0.768375614,
161,2016,0.765375919,
161,2017,0.762376224,
161,2018,0.759376529,
161,2019,0.756376834,
161,2020,0.753377139,
161,2021,0.750377445,
161,2022,0.74737775,
162,2012,0.773112178,
162,2013,0.773848686,
162,2014,0.774585195,
162,2015,0.775321704,
162,2016,0.776058213,
162,2017,0.776794722,
162,2018,0.777531231,
162,2019,0.77826774,
162,2020,0.779004248,
162,2021,0.779740757,
162,2022,0.780477266,
163,2012,0.793393713,
163,2013,0.791733611,
163,2014,0.79007351,
163,2015,0.788413408,
163,2016,0.786753307,
163,2017,0.785093205,
163,2018,0.783433104,
163,2019,0.781773002,
163,2020,0.780112901,
163,2021,0.778452799,
163,2022,0.776792697,
164,2012,0.868170687,
164,2013,0.865063723,
164,2014,0.861956758,
164,2015,0.858849793,
164,2016,0.855742829,
164,2017,0.852635864,
164,2018,0.849528899,
164,2019,0.846421935,
164,2020,0.84331497,
164,2021,0.840208005,
164,2022,0.837101041,
166,2012,0.833205909,
166,2013,0.829879969,
166,2014,0.826554029,
166,2015,0.823228089,
166,2016,0.819902149,
166,2017,0.81657621,
166,2018,0.81325027,
166,2019,0.80992433,
166,2020,0.80659839,
166,2021,0.80327245,
166,2022,0.79994651,
167,2012,0.824282186,
167,2013,0.820656411,
167,2014,0.817030636,
167,2015,0.813404861,
167,2016,0.809779086,
167,2017,0.806153311,
167,2018,0.802527536,
167,2019,0.798901761,
167,2020,0.795275986,
167,2021,0.791650211,
167,2022,0.788024436,
168,2012,0.822422377,
168,2013,0.81861191,
168,2014,0.814801442,
168,2015,0.810990974,
168,2016,0.807180507,
168,2017,0.803370039,
168,2018,0.799559571,
168,2019,0.795749104,
168,2020,0.791938636,
168,2021,0.788128169,
168,2022,0.784317701,
169,2012,0.81461015,
169,2013,0.811038137,
169,2014,0.807466124,
169,2015,0.80389411,
169,2016,0.800322097,
169,2017,0.796750084,
169,2018,0.793178071,
169,2019,0.789606058,
169,2020,0.786034045,
169,2021,0.782462032,
169,2022,0.778890018,
171,2012,0.7735398,
171,2013,0.771103138,
171,2014,0.768666476,
171,2015,0.766229814,
171,2016,0.763793152,
171,2017,0.76135649,
171,2018,0.758919828,
171,2019,0.756483166,
171,2020,0.754046505,
171,2021,0.751609843,
171,2022,0.749173181,
172,2012,0.752077475,
172,2013,0.751059244,
172,2014,0.750041014,
172,2015,0.749022784,
172,2016,0.748004554,
172,2017,0.746986324,
172,2018,0.745968093,
172,2019,0.744949863,
172,2020,0.743931633,
172,2021,0.742913403,
172,2022,0.741895173,
173,2012,0.702316428,
173,2013,0.700403634,
173,2014,0.69849084,
173,2015,0.696578046,
173,2016,0.694665252,
173,2017,0.692752458,
173,2018,0.690839664,
173,2019,0.68892687,
173,2020,0.687014076,
173,2021,0.685101282,
173,2022,0.683188488,
174,2012,0.944680803,
174,2013,0.941325804,
174,2014,0.937970805,
174,2015,0.934615806,
174,2016,0.931260807,
174,2017,0.927905808,
174,2018,0.924550809,
174,2019,0.921195811,
174,2020,0.917840812,
174,2021,0.914485813,
174,2022,0.911130814,
175,2012,0.857621312,
175,2013,0.855034468,
175,2014,0.852447624,
175,2015,0.84986078,
175,2016,0.847273936,
175,2017,0.844687092,
175,2018,0.842100248,
175,2019,0.839513405,
175,2020,0.836926561,
175,2021,0.834339717,
175,2022,0.831752873,
176,2012,0.850305557,
176,2013,0.847718111,
176,2014,0.845130665,
176,2015,0.84254322,
176,2016,0.839955774,
176,2017,0.837368329,
176,2018,0.834780883,
176,2019,0.832193437,
176,2020,0.829605992,
176,2021,0.827018546,
176,2022,0.8244311,
177,2012,0.825301328,
177,2013,0.822759298,
177,2014,0.820217269,
177,2015,0.817675239,
177,2016,0.815133209,
177,2017,0.81259118,
177,2018,0.81004915,
177,2019,0.80750712,
177,2020,0.804965091,
177,2021,0.802423061,
177,2022,0.799881031,
178,2012,0.938205479,
178,2013,0.934968442,
178,2014,0.931731406,
178,2015,0.928494369,
178,2016,0.925257332,
178,2017,0.922020296,
178,2018,0.918783259,
178,2019,0.915546223,
178,2020,0.912309186,
178,2021,0.909072149,
178,2022,0.905835113,
179,2012,0.786390233,
179,2013,0.781657838,
179,2014,0.776925444,
179,2015,0.772193049,
179,2016,0.767460654,
179,2017,0.762728259,
179,2018,0.757995865,
179,2019,0.75326347,
179,2020,0.748531075,
179,2021,0.74379868,
179,2022,0.739066286,
180,2012,0.811548969,
180,2013,0.808053195,
180,2014,0.80455742,
180,2015,0.801061646,
180,2016,0.797565871,
180,2017,0.794070096,
180,2018,0.790574322,
180,2019,0.787078547,
180,2020,0.783582773,
180,2021,0.780086998,
180,2022,0.776591223,
181,2012,0.788197396,
181,2013,0.784222662,
181,2014,0.780247927,
181,2015,0.776273192,
181,2016,0.772298457,
181,2017,0.768323723,
181,2018,0.764348988,
181,2019,0.760374253,
181,2020,0.756399519,
181,2021,0.752424784,
181,2022,0.748450049,
182,2012,0.744854164,
182,2013,0.739555477,
182,2014,0.73425679,
182,2015,0.728958103,
182,2016,0.723659416,
182,2017,0.718360729,
182,2018,0.713062042,
182,2019,0.707763355,
182,2020,0.702464668,
182,2021,0.697165981,
182,2022,0.691867294,
183,2012,0.777629762,
183,2013,0.772742064,
183,2014,0.767854367,
183,2015,0.762966669,
183,2016,0.758078971,
183,2017,0.753191274,
183,2018,0.748303576,
183,2019,0.743415879,
183,2020,0.738528181,
183,2021,0.733640484,
183,2022,0.728752786,
184,2012,0.704616265,
184,2013,0.698346516,
184,2014,0.692076767,
184,2015,0.685807018,
184,2016,0.67953727,
184,2017,0.673267521,
184,2018,0.666997772,
184,2019,0.660728024,
184,2020,0.654458275,
184,2021,0.648188526,
184,2022,0.641918777,
185,2012,0.645792384,
185,2013,0.637972773,
185,2014,0.630153162,
185,2015,0.62233355,
185,2016,0.614513939,
185,2017,0.606694328,
185,2018,0.598874717,
185,2019,0.591055106,
185,2020,0.583235495,
185,2021,0.575415884,
185,2022,0.567596273,
186,2012,0.740754047,
186,2013,0.735159474,
186,2014,0.729564901,
186,2015,0.723970328,
186,2016,0.718375755,
186,2017,0.712781182,
186,2018,0.707186609,
186,2019,0.701592036,
186,2020,0.695997463,
186,2021,0.69040289,
186,2022,0.684808317,
187,2012,0.769935249,
187,2013,0.764620876,
187,2014,0.759306502,
187,2015,0.753992129,
187,2016,0.748677756,
187,2017,0.743363382,
187,2018,0.738049009,
187,2019,0.732734636,
187,2020,0.727420263,
187,2021,0.722105889,
187,2022,0.716791516,
188,2012,0.826330643,
188,2013,0.822100872,
188,2014,0.8178711,
188,2015,0.813641329,
188,2016,0.809411557,
188,2017,0.805181785,
188,2018,0.800952014,
188,2019,0.796722242,
188,2020,0.792492471,
188,2021,0.788262699,
188,2022,0.784032927,
189,2012,0.939849865,
189,2013,0.936264255,
189,2014,0.932678645,
189,2015,0.929093035,
189,2016,0.925507425,
189,2017,0.921921815,
189,2018,0.918336205,
189,2019,0.914750595,
189,2020,0.911164985,
189,2021,0.907579375,
189,2022,0.903993765,
190,2012,0.868443572,
190,2013,0.86420134,
190,2014,0.859959108,
190,2015,0.855716876,
190,2016,0.851474644,
190,2017,0.847232412,
190,2018,0.84299018,
190,2019,0.838747948,
190,2020,0.834505716,
190,2021,0.830263484,
190,2022,0.826021252,
191,2012,0.861158375,
191,2013,0.857899497,
191,2014,0.854640619,
191,2015,0.851381742,
191,2016,0.848122864,
191,2017,0.844863987,
191,2018,0.841605109,
191,2019,0.838346231,
191,2020,0.835087354,
191,2021,0.831828476,
191,2022,0.828569598,
192,2012,0.878090095,
192,2013,0.874994536,
192,2014,0.871898976,
192,2015,0.868803417,
192,2016,0.865707858,
192,2017,0.862612298,
192,2018,0.859516739,
192,2019,0.856421179,
192,2020,0.85332562,
192,2021,0.850230061,
192,2022,0.847134501,
193,2012,0.783631162,
193,2013,0.780013492,
193,2014,0.776395822,
193,2015,0.772778152,
193,2016,0.769160483,
193,2017,0.765542813,
193,2018,0.761925143,
193,2019,0.758307473,
193,2020,0.754689803,
193,2021,0.751072133,
193,2022,0.747454463,
194,2012,0.785330741,
194,2013,0.781279549,
194,2014,0.777228356,
194,2015,0.773177164,
194,2016,0.769125971,
194,2017,0.765074779,
194,2018,0.761023586,
194,2019,0.756972394,
194,2020,0.752921201,
194,2021,0.748870008,
194,2022,0.744818816,
195,2012,0.776846028,
195,2013,0.773372193,
195,2014,0.769898359,
195,2015,0.766424525,
195,2016,0.76295069,
195,2017,0.759476856,
195,2018,0.756003022,
195,2019,0.752529187,
195,2020,0.749055353,
195,2021,0.745581519,
195,2022,0.742107684,
196,2012,0.782614662,
196,2013,0.77976328,
196,2014,0.776911897,
196,2015,0.774060514,
196,2016,0.771209131,
196,2017,0.768357748,
196,2018,0.765506365,
196,2019,0.762654982,
196,2020,0.759803599,
196,2021,0.756952216,
196,2022,0.754100833,
197,2012,0.80432785,
197,2013,0.801241594,
197,2014,0.798155339,
197,2015,0.795069083,
197,2016,0.791982827,
197,2017,0.788896571,
197,2018,0.785810315,
197,2019,0.782724059,
197,2020,0.779637803,
197,2021,0.776551547,
197,2022,0.773465291,
198,2012,0.777459351,
198,2013,0.775016088,
198,2014,0.772572825,
198,2015,0.770129562,
198,2016,0.767686299,
198,2017,0.765243036,
198,2018,0.762799773,
198,2019,0.76035651,
198,2020,0.757913246,
198,2021,0.755469983,
198,2022,0.75302672,
199,2012,0.765853462,
199,2013,0.762684446,
199,2014,0.759515431,
199,2015,0.756346415,
199,2016,0.7531774,
199,2017,0.750008384,
199,2018,0.746839369,
199,2019,0.743670353,
199,2020,0.740501337,
199,2021,0.737332322,
199,2022,0.734163306,
200,2012,0.740504155,
200,2013,0.73854354,
200,2014,0.736582926,
200,2015,0.734622311,
200,2016,0.732661697,
200,2017,0.730701083,
200,2018,0.728740468,
200,2019,0.726779854,
200,2020,0.72481924,
200,2021,0.722858625,
200,2022,0.720898011,
202,2012,0.851263782,
202,2013,0.848873834,
202,2014,0.846483887,
202,2015,0.84409394,
202,2016,0.841703992,
202,2017,0.839314045,
202,2018,0.836924098,
202,2019,0.83453415,
202,2020,0.832144203,
202,2021,0.829754256,
202,2022,0.827364309,
203,2012,0.833121426,
203,2013,0.829250191,
203,2014,0.825378956,
203,2015,0.82150772,
203,2016,0.817636485,
203,2017,0.81376525,
203,2018,0.809894015,
203,2019,0.806022779,
203,2020,0.802151544,
203,2021,0.798280309,
203,2022,0.794409074,
204,2012,0.853336867,
204,2013,0.848207429,
204,2014,0.843077992,
204,2015,0.837948555,
204,2016,0.832819118,
204,2017,0.827689681,
204,2018,0.822560244,
204,2019,0.817430807,
204,2020,0.81230137,
204,2021,0.807171933,
204,2022,0.802042496,
205,2012,0.871133571,
205,2013,0.868045472,
205,2014,0.864957373,
205,2015,0.861869274,
205,2016,0.858781175,
205,2017,0.855693076,
205,2018,0.852604978,
205,2019,0.849516879,
205,2020,0.84642878,
205,2021,0.843340681,
205,2022,0.840252582,
206,2012,0.862862957,
206,2013,0.859972429,
206,2014,0.857081901,
206,2015,0.854191373,
206,2016,0.851300844,
206,2017,0.848410316,
206,2018,0.845519788,
206,2019,0.84262926,
206,2020,0.839738732,
206,2021,0.836848203,
206,2022,0.833957675,
207,2012,0.870143092,
207,2013,0.86746095,
207,2014,0.864778808,
207,2015,0.862096666,
207,2016,0.859414524,
207,2017,0.856732382,
207,2018,0.85405024,
207,2019,0.851368098,
207,2020,0.848685956,
207,2021,0.846003815,
207,2022,0.843321673,
208,2012,0.854104045,
208,2013,0.850706193,
208,2014,0.84730834,
208,2015,0.843910487,
208,2016,0.840512635,
208,2017,0.837114782,
208,2018,0.833716929,
208,2019,0.830319077,
208,2020,0.826921224,
208,2021,0.823523371,
208,2022,0.820125518,
209,2012,0.87435205,
209,2013,0.87041531,
209,2014,0.866478571,
209,2015,0.862541831,
209,2016,0.858605092,
209,2017,0.854668352,
209,2018,0.850731613,
209,2019,0.846794873,
209,2020,0.842858133,
209,2021,0.838921394,
209,2022,0.834984654,
210,2012,0.810756066,
210,2013,0.808186797,
210,2014,0.805617527,
210,2015,0.803048258,
210,2016,0.800478988,
210,2017,0.797909719,
210,2018,0.79534045,
210,2019,0.79277118,
210,2020,0.790201911,
210,2021,0.787632641,
210,2022,0.785063372,
212,2012,0.773819123,
212,2013,0.771211953,
212,2014,0.768604783,
212,2015,0.765997612,
212,2016,0.763390442,
212,2017,0.760783272,
212,2018,0.758176101,
212,2019,0.755568931,
212,2020,0.752961761,
212,2021,0.75035459,
212,2022,0.74774742,
214,2012,0.797119213,
214,2013,0.791479486,
214,2014,0.785839759,
214,2015,0.780200032,
214,2016,0.774560304,
214,2017,0.768920577,
214,2018,0.76328085,
214,2019,0.757641123,
214,2020,0.752001396,
214,2021,0.746361668,
214,2022,0.740721941,
215,2012,0.906731305,
215,2013,0.904206322,
215,2014,0.90168134,
215,2015,0.899156357,
215,2016,0.896631375,
215,2017,0.894106392,
215,2018,0.891581409,
215,2019,0.889056427,
215,2020,0.886531444,
215,2021,0.884006462,
215,2022,0.881481479,
216,2012,0.859645939,
216,2013,0.856905176,
216,2014,0.854164412,
216,2015,0.851423649,
216,2016,0.848682885,
216,2017,0.845942122,
216,2018,0.843201358,
216,2019,0.840460595,
216,2020,0.837719831,
216,2021,0.834979068,
216,2022,0.832238304,
218,2012,0.812197389,
218,2013,0.81175382,
218,2014,0.811310252,
218,2015,0.810866683,
218,2016,0.810423114,
218,2017,0.809979546,
218,2018,0.809535977,
218,2019,0.809092409,
218,2020,0.80864884,
218,2021,0.808205271,
218,2022,0.807761703,
219,2012,0.791460304,
219,2013,0.79013465,
219,2014,0.788808996,
219,2015,0.787483341,
219,2016,0.786157687,
219,2017,0.784832033,
219,2018,0.783506379,
219,2019,0.782180725,
219,2020,0.780855071,
219,2021,0.779529416,
219,2022,0.778203762,
220,2012,0.880650134,
220,2013,0.878128844,
220,2014,0.875607554,
220,2015,0.873086264,
220,2016,0.870564975,
220,2017,0.868043685,
220,2018,0.865522395,
220,2019,0.863001105,
220,2020,0.860479816,
220,2021,0.857958526,
220,2022,0.855437236,
221,2012,0.892954672,
221,2013,0.890854178,
221,2014,0.888753683,
221,2015,0.886653189,
221,2016,0.884552694,
221,2017,0.8824522,
221,2018,0.880351705,
221,2019,0.87825121,
221,2020,0.876150716,
221,2021,0.874050221,
221,2022,0.871949727,
222,2012,0.924530095,
222,2013,0.92103033,
222,2014,0.917530566,
222,2015,0.914030801,
222,2016,0.910531037,
222,2017,0.907031273,
222,2018,0.903531508,
222,2019,0.900031744,
222,2020,0.89653198,
222,2021,0.893032215,
222,2022,0.889532451,
223,2012,0.782795901,
223,2013,0.781162122,
223,2014,0.779528343,
223,2015,0.777894564,
223,2016,0.776260785,
223,2017,0.774627005,
223,2018,0.772993226,
223,2019,0.771359447,
223,2020,0.769725668,
223,2021,0.768091889,
223,2022,0.76645811,
224,2012,0.746383794,
224,2013,0.747086153,
224,2014,0.747788512,
224,2015,0.748490871,
224,2016,0.74919323,
224,2017,0.749895589,
224,2018,0.750597948,
224,2019,0.751300307,
224,2020,0.752002666,
224,2021,0.752705025,
224,2022,0.753407384,
227,2012,0.835160841,
227,2013,0.831178728,
227,2014,0.827196615,
227,2015,0.823214502,
227,2016,0.819232389,
227,2017,0.815250276,
227,2018,0.811268163,
227,2019,0.80728605,
227,2020,0.803303937,
227,2021,0.799321824,
227,2022,0.795339711,
228,2012,0.831725302,
228,2013,0.827624563,
228,2014,0.823523823,
228,2015,0.819423084,
228,2016,0.815322344,
228,2017,0.811221605,
228,2018,0.807120866,
228,2019,0.803020126,
228,2020,0.798919387,
228,2021,0.794818647,
228,2022,0.790717908,
231,2012,0.858438422,
231,2013,0.856092817,
231,2014,0.853747213,
231,2015,0.851401608,
231,2016,0.849056003,
231,2017,0.846710398,
231,2018,0.844364794,
231,2019,0.842019189,
231,2020,0.839673584,
231,2021,0.83732798,
231,2022,0.834982375,
237,2012,0.869621759,
237,2013,0.867403492,
237,2014,0.865185224,
237,2015,0.862966956,
237,2016,0.860748689,
237,2017,0.858530421,
237,2018,0.856312153,
237,2019,0.854093886,
237,2020,0.851875618,
237,2021,0.84965735,
237,2022,0.847439082,
244,2012,0.825172673,
244,2013,0.821450951,
244,2014,0.817729228,
244,2015,0.814007506,
244,2016,0.810285783,
244,2017,0.806564061,
244,2018,0.802842338,
244,2019,0.799120616,
244,2020,0.795398894,
244,2021,0.791677171,
244,2022,0.787955449,
245,2012,0.83178639,
245,2013,0.827909459,
245,2014,0.824032528,
245,2015,0.820155597,
245,2016,0.816278665,
245,2017,0.812401734,
245,2018,0.808524803,
245,2019,0.804647872,
245,2020,0.800770941,
245,2021,0.79689401,
245,2022,0.793017079,
247,2012,0.84970412,
247,2013,0.846946409,
247,2014,0.844188698,
247,2015,0.841430987,
247,2016,0.838673276,
247,2017,0.835915565,
247,2018,0.833157854,
247,2019,0.830400143,
247,2020,0.827642432,
247,2021,0.824884721,
247,2022,0.822127011,
248,2012,0.855339197,
248,2013,0.855336069,
248,2014,0.85533294,
248,2015,0.855329812,
248,2016,0.855326683,
248,2017,0.855323555,
248,2018,0.855320426,
248,2019,0.855317298,
248,2020,0.855314169,
248,2021,0.855311041,
248,2022,0.855307912,
249,2012,0.863771435,
249,2013,0.863895811,
249,2014,0.864020186,
249,2015,0.864144562,
249,2016,0.864268937,
249,2017,0.864393313,
249,2018,0.864517688,
249,2019,0.864642064,
249,2020,0.864766439,
249,2021,0.864890815,
249,2022,0.86501519,
250,2012,0.832747831,
250,2013,0.829280109,
250,2014,0.825812387,
250,2015,0.822344664,
250,2016,0.818876942,
250,2017,0.815409219,
250,2018,0.811941497,
250,2019,0.808473775,
250,2020,0.805006052,
250,2021,0.80153833,
250,2022,0.798070607,
232,2012,0.755344648,
232,2013,0.749890175,
232,2014,0.744435702,
232,2015,0.738981229,
232,2016,0.733526755,
232,2017,0.728072282,
232,2018,0.722617809,
232,2019,0.717163336,
232,2020,0.711708863,
232,2021,0.70625439,
232,2022,0.700799917,
